ctry,1950,1951,1952,1953,1954,1955,1956,1957,1958,1959,1960,1961,1962,1963,1964,1965,1966,1967,1968,1969,1970,1971,1972,1973,1974,1975,1976,1977,1978,1979,1980,1981,1982,1983,1984,1985,1986,1987,1988,1989,1990,1991,1992,1993,1994,1995,1996,1997,1998,1999,2000,2001,2002,2003,2004,2005,2006,2007,2008,2009,2010,2011,2012,2013,2014,2015,2016,2017,2018,2019
al,,,,,,,,,,,,,,,,,,,,,6.7e+9,7.0e+9,7.2e+9,7.5e+9,7.8e+9,8.1e+9,8.5e+9,8.8e+9,9.2e+9,9.5e+9,1.0e+10,1.0e+10,1.0e+10,1.1e+10,1.1e+10,1.1e+10,1.2e+10,1.2e+10,1.2e+10,1.3e+10,1.2e+10,9.9e+9,7.7e+9,9.4e+9,1.1e+10,1.2e+10,1.4e+10,1.3e+10,1.4e+10,1.5e+10,1.5e+10,1.6e+10,1.6e+10,1.7e+10,1.9e+10,2.0e+10,2.1e+10,2.3e+10,2.5e+10,2.7e+10,2.9e+10,3.0e+10,3.0e+10,3.0e+10,3.1e+10,3.2e+10,3.2e+10,3.4e+10,3.5e+10,3.6e+10
dz,,,,,,,,,,,6.7e+10,6.1e+10,4.7e+10,5.7e+10,6.1e+10,6.6e+10,5.9e+10,6.8e+10,7.3e+10,7.9e+10,8.9e+10,8.7e+10,9.9e+10,1.1e+11,1.5e+11,1.5e+11,1.6e+11,1.7e+11,1.9e+11,2.2e+11,2.4e+11,2.6e+11,2.6e+11,2.8e+11,2.9e+11,3.1e+11,2.6e+11,2.5e+11,2.3e+11,2.3e+11,2.4e+11,2.5e+11,2.5e+11,2.3e+11,2.3e+11,2.3e+11,2.6e+11,2.6e+11,2.6e+11,2.7e+11,3.4e+11,3.3e+11,3.3e+11,3.7e+11,3.8e+11,4.5e+11,4.9e+11,4.9e+11,5.2e+11,4.5e+11,5.2e+11,5.7e+11,5.5e+11,5.2e+11,5.1e+11,4.7e+11,4.5e+11,4.5e+11,4.8e+11,4.9e+11
ao,,,,,,,,,,,,,,,,,,,,,2.9e+10,3.1e+10,3.1e+10,3.4e+10,3.5e+10,3.3e+10,3.1e+10,3.2e+10,3.0e+10,3.0e+10,3.0e+10,3.0e+10,3.1e+10,3.1e+10,3.4e+10,3.5e+10,3.0e+10,3.4e+10,3.3e+10,3.5e+10,3.6e+10,3.4e+10,3.8e+10,3.3e+10,3.6e+10,3.7e+10,4.9e+10,4.6e+10,4.7e+10,5.0e+10,4.1e+10,4.1e+10,4.6e+10,4.8e+10,5.8e+10,7.2e+10,9.1e+10,1.0e+11,1.2e+11,1.0e+11,1.4e+11,1.9e+11,2.0e+11,2.2e+11,2.3e+11,2.2e+11,2.1e+11,2.2e+11,2.4e+11,2.3e+11
ai,,,,,,,,,,,,,,,,,,,,,6.2e+7,6.0e+7,6.7e+7,7.0e+7,7.0e+7,7.2e+7,7.3e+7,7.4e+7,7.9e+7,8.6e+7,9.0e+7,9.5e+7,9.4e+7,9.3e+7,9.5e+7,1.1e+8,1.3e+8,1.4e+8,1.5e+8,1.7e+8,2.1e+8,1.6e+8,2.1e+8,2.1e+8,2.3e+8,2.2e+8,2.3e+8,2.5e+8,2.9e+8,3.0e+8,3.0e+8,3.0e+8,2.8e+8,3.0e+8,3.5e+8,4.0e+8,4.7e+8,5.6e+8,5.6e+8,4.3e+8,4.1e+8,4.1e+8,3.9e+8,3.7e+8,3.9e+8,4.1e+8,3.9e+8,3.4e+8,3.6e+8,3.8e+8
ag,,,,,,,,,,,,,,,,,,,,,3.1e+8,3.3e+8,3.5e+8,3.8e+8,4.0e+8,3.8e+8,3.4e+8,3.7e+8,3.7e+8,4.6e+8,4.4e+8,4.6e+8,5.8e+8,5.9e+8,5.1e+8,5.5e+8,6.7e+8,7.1e+8,7.8e+8,8.1e+8,8.5e+8,8.6e+8,8.8e+8,9.5e+8,1.0e+9,9.7e+8,1.0e+9,1.1e+9,1.1e+9,1.2e+9,1.3e+9,1.3e+9,1.3e+9,1.4e+9,1.5e+9,1.6e+9,1.8e+9,2.0e+9,2.1e+9,2.0e+9,1.8e+9,1.9e+9,1.9e+9,1.8e+9,1.8e+9,1.8e+9,1.9e+9,1.8e+9,1.9e+9,2.0e+9
ar,5.0e+10,5.3e+10,4.8e+10,5.0e+10,5.2e+10,5.7e+10,5.8e+10,6.1e+10,6.5e+10,6.2e+10,6.7e+10,7.0e+10,6.7e+10,6.6e+10,7.1e+10,8.2e+10,8.1e+10,8.5e+10,8.7e+10,9.5e+10,9.7e+10,1.0e+11,1.0e+11,1.1e+11,1.1e+11,1.1e+11,1.1e+11,1.2e+11,1.1e+11,1.2e+11,1.3e+11,1.3e+11,1.3e+11,1.4e+11,1.5e+11,1.4e+11,1.6e+11,1.8e+11,1.9e+11,1.8e+11,2.0e+11,2.4e+11,2.8e+11,3.3e+11,3.8e+11,4.2e+11,5.5e+11,5.7e+11,5.7e+11,5.3e+11,5.3e+11,4.9e+11,4.6e+11,4.8e+11,5.2e+11,5.5e+11,6.1e+11,6.7e+11,7.2e+11,6.9e+11,7.9e+11,8.8e+11,9.0e+11,9.0e+11,8.8e+11,9.1e+11,9.1e+11,1.0e+12,1.0e+12,9.9e+11
am,,,,,,,,,,,,,,,,,,,,,,,,,,,,,,,,,,,,,,,,,2.4e+10,2.1e+10,1.2e+10,1.1e+10,9.1e+9,9.5e+9,1.0e+10,9.5e+9,9.6e+9,9.7e+9,1.0e+10,1.1e+10,1.2e+10,1.4e+10,1.5e+10,1.7e+10,2.0e+10,2.3e+10,2.4e+10,2.2e+10,2.4e+10,2.6e+10,3.0e+10,3.0e+10,2.9e+10,3.1e+10,3.2e+10,3.6e+10,3.8e+10,4.1e+10
aw,,,,,,,,,,,,,,,,,,,,,4.0e+8,4.4e+8,4.8e+8,5.2e+8,5.7e+8,6.2e+8,6.7e+8,7.4e+8,8.0e+8,8.8e+8,9.6e+8,1.0e+9,1.1e+9,1.2e+9,1.4e+9,1.5e+9,1.6e+9,1.9e+9,2.2e+9,2.5e+9,2.6e+9,2.8e+9,2.9e+9,3.1e+9,3.5e+9,3.4e+9,3.4e+9,3.7e+9,4.0e+9,4.0e+9,4.0e+9,4.1e+9,4.1e+9,4.2e+9,4.5e+9,4.7e+9,4.7e+9,4.9e+9,4.8e+9,4.4e+9,4.0e+9,4.1e+9,3.9e+9,4.0e+9,3.9e+9,4.0e+9,4.0e+9,4.0e+9,3.9e+9,3.9e+9
au,1.2e+11,1.1e+11,1.1e+11,1.2e+11,1.3e+11,1.4e+11,1.4e+11,1.4e+11,1.5e+11,1.6e+11,1.6e+11,1.7e+11,1.8e+11,1.9e+11,2.0e+11,2.0e+11,2.2e+11,2.2e+11,2.4e+11,2.6e+11,2.7e+11,2.8e+11,2.9e+11,3.1e+11,2.9e+11,3.0e+11,3.1e+11,3.1e+11,3.3e+11,3.4e+11,3.5e+11,3.7e+11,3.6e+11,3.8e+11,3.9e+11,4.1e+11,4.1e+11,4.5e+11,4.8e+11,5.0e+11,4.9e+11,4.9e+11,5.1e+11,5.3e+11,5.6e+11,5.9e+11,6.2e+11,6.5e+11,6.8e+11,7.2e+11,7.3e+11,7.6e+11,7.8e+11,8.1e+11,8.4e+11,8.7e+11,9.1e+11,9.4e+11,9.5e+11,9.7e+11,1.0e+12,1.1e+12,1.1e+12,1.2e+12,1.2e+12,1.2e+12,1.2e+12,1.2e+12,1.3e+12,1.3e+12
at,4.0e+10,4.2e+10,4.4e+10,4.6e+10,4.9e+10,5.4e+10,5.8e+10,6.1e+10,6.4e+10,6.7e+10,7.2e+10,7.6e+10,7.8e+10,8.2e+10,8.6e+10,8.9e+10,9.3e+10,9.6e+10,1.0e+11,1.1e+11,1.1e+11,1.2e+11,1.3e+11,1.3e+11,1.4e+11,1.4e+11,1.4e+11,1.5e+11,1.5e+11,1.5e+11,1.5e+11,1.5e+11,1.5e+11,1.6e+11,1.6e+11,1.6e+11,1.7e+11,1.7e+11,1.8e+11,2.0e+11,2.1e+11,2.2e+11,2.3e+11,2.3e+11,2.5e+11,2.6e+11,2.7e+11,2.8e+11,3.0e+11,3.0e+11,3.1e+11,3.1e+11,3.1e+11,3.2e+11,3.3e+11,3.4e+11,3.6e+11,3.8e+11,3.9e+11,3.8e+11,3.9e+11,4.1e+11,4.2e+11,4.2e+11,4.3e+11,4.5e+11,4.7e+11,4.8e+11,4.9e+11,5.0e+11
az,,,,,,,,,,,,,,,,,,,,,,,,,,,,,,,,,,,,,,,,,5.7e+10,7.0e+10,5.0e+10,4.0e+10,2.9e+10,2.0e+10,1.9e+10,1.9e+10,1.8e+10,1.9e+10,2.3e+10,2.6e+10,2.6e+10,2.7e+10,2.9e+10,4.3e+10,6.4e+10,8.7e+10,1.1e+11,1.1e+11,1.3e+11,1.7e+11,1.8e+11,1.6e+11,1.8e+11,1.4e+11,1.4e+11,1.5e+11,1.6e+11,1.6e+11
bs,,,,,,,,,,,,,,,,,,,,,3.2e+9,3.3e+9,3.2e+9,3.4e+9,2.9e+9,2.4e+9,2.7e+9,3.1e+9,3.7e+9,4.6e+9,5.4e+9,4.9e+9,4.7e+9,4.8e+9,6.0e+9,6.7e+9,6.8e+9,7.4e+9,7.5e+9,8.0e+9,7.8e+9,7.2e+9,7.1e+9,7.0e+9,7.2e+9,7.4e+9,8.4e+9,9.0e+9,9.8e+9,1.1e+10,1.2e+10,1.1e+10,1.3e+10,1.2e+10,1.2e+10,1.3e+10,1.3e+10,1.4e+10,1.3e+10,1.2e+10,1.2e+10,1.2e+10,1.3e+10,1.2e+10,1.3e+10,1.3e+10,1.3e+10,1.4e+10,1.4e+10,1.4e+10
bh,,,,,,,,,,,,,,,,,,,,,3.4e+9,3.5e+9,3.9e+9,4.5e+9,4.8e+9,4.2e+9,6.1e+9,6.3e+9,6.3e+9,7.5e+9,8.7e+9,8.3e+9,7.4e+9,7.7e+9,8.8e+9,6.7e+9,6.3e+9,6.2e+9,7.1e+9,7.4e+9,8.2e+9,8.5e+9,9.1e+9,9.7e+9,9.7e+9,1.0e+10,1.0e+10,1.1e+10,1.1e+10,1.3e+10,1.7e+10,1.9e+10,1.9e+10,2.3e+10,2.7e+10,3.6e+10,4.2e+10,4.8e+10,5.6e+10,5.2e+10,6.1e+10,6.9e+10,7.4e+10,7.4e+10,7.2e+10,6.6e+10,6.5e+10,7.2e+10,7.4e+10,7.4e+10
bd,,,,,,,,,,7.7e+10,8.3e+10,8.3e+10,8.8e+10,9.4e+10,9.4e+10,9.2e+10,9.4e+10,9.2e+10,9.4e+10,9.8e+10,1.1e+11,1.0e+11,9.8e+10,8.2e+10,8.3e+10,7.9e+10,9.0e+10,9.4e+10,9.7e+10,1.0e+11,1.0e+11,1.0e+11,1.0e+11,1.1e+11,1.2e+11,1.2e+11,1.3e+11,1.3e+11,1.3e+11,1.5e+11,1.5e+11,1.6e+11,1.6e+11,1.7e+11,1.8e+11,1.8e+11,1.9e+11,1.9e+11,1.9e+11,1.9e+11,1.9e+11,2.0e+11,2.0e+11,2.1e+11,2.2e+11,2.2e+11,2.5e+11,2.8e+11,3.0e+11,3.3e+11,3.7e+11,4.2e+11,4.6e+11,4.9e+11,5.3e+11,5.6e+11,6.1e+11,6.5e+11,7.1e+11,7.6e+11
bb,,,,,,,,,,,2.2e+9,2.2e+9,2.3e+9,2.4e+9,2.4e+9,2.4e+9,2.5e+9,2.8e+9,2.9e+9,3.3e+9,3.6e+9,3.8e+9,3.8e+9,3.9e+9,3.7e+9,4.1e+9,3.2e+9,3.3e+9,3.2e+9,3.4e+9,3.5e+9,3.4e+9,3.3e+9,3.3e+9,3.4e+9,3.5e+9,3.7e+9,3.9e+9,4.0e+9,4.3e+9,4.1e+9,4.3e+9,3.5e+9,3.7e+9,5.4e+9,5.8e+9,6.2e+9,6.0e+9,6.5e+9,6.5e+9,6.5e+9,6.3e+9,6.4e+9,6.1e+9,6.3e+9,6.6e+9,6.5e+9,6.6e+9,6.2e+9,5.7e+9,5.4e+9,5.2e+9,5.0e+9,4.9e+9,4.8e+9,4.9e+9,4.9e+9,4.8e+9,4.9e+9,4.8e+9
by,,,,,,,,,,,,,,,,,,,,,,,,,,,,,,,,,,,,,,,,,1.5e+11,1.5e+11,1.3e+11,9.9e+10,8.8e+10,8.5e+10,8.7e+10,8.7e+10,8.8e+10,8.7e+10,8.9e+10,9.2e+10,9.4e+10,9.7e+10,1.0e+11,1.1e+11,1.3e+11,1.4e+11,1.6e+11,1.5e+11,1.7e+11,2.0e+11,2.0e+11,1.8e+11,1.9e+11,1.9e+11,1.7e+11,1.9e+11,2.0e+11,2.0e+11
be,7.5e+10,8.0e+10,8.2e+10,8.2e+10,8.6e+10,9.1e+10,9.5e+10,9.6e+10,9.5e+10,9.7e+10,1.0e+11,1.1e+11,1.1e+11,1.2e+11,1.3e+11,1.3e+11,1.4e+11,1.4e+11,1.5e+11,1.6e+11,1.7e+11,1.7e+11,1.8e+11,2.0e+11,2.0e+11,2.0e+11,2.1e+11,2.2e+11,2.3e+11,2.3e+11,2.4e+11,2.3e+11,2.2e+11,2.1e+11,2.1e+11,2.1e+11,2.2e+11,2.3e+11,2.5e+11,2.6e+11,2.7e+11,2.8e+11,2.9e+11,2.9e+11,3.0e+11,3.1e+11,3.1e+11,3.3e+11,3.4e+11,3.6e+11,3.8e+11,3.8e+11,3.9e+11,3.9e+11,4.0e+11,4.1e+11,4.3e+11,4.5e+11,4.6e+11,4.6e+11,4.9e+11,4.9e+11,5.0e+11,5.0e+11,5.1e+11,5.3e+11,5.5e+11,5.7e+11,5.8e+11,5.9e+11
bz,,,,,,,,,,,,,,,,,,,,,5.6e+8,6.1e+8,5.6e+8,6.0e+8,7.3e+8,7.0e+8,6.0e+8,6.6e+8,6.7e+8,7.3e+8,8.4e+8,6.9e+8,7.1e+8,7.1e+8,7.3e+8,8.3e+8,9.2e+8,1.0e+9,1.1e+9,1.2e+9,1.4e+9,1.3e+9,1.4e+9,1.4e+9,1.6e+9,1.7e+9,1.5e+9,1.5e+9,1.5e+9,1.6e+9,1.7e+9,1.9e+9,2.0e+9,2.1e+9,2.1e+9,2.2e+9,2.3e+9,2.4e+9,2.3e+9,2.3e+9,2.5e+9,2.6e+9,2.7e+9,2.6e+9,2.6e+9,2.7e+9,2.7e+9,2.7e+9,2.6e+9,2.7e+9
bj,,,,,,,,,,3.6e+9,3.9e+9,3.9e+9,3.8e+9,4.0e+9,4.2e+9,4.5e+9,4.7e+9,4.8e+9,5.3e+9,5.5e+9,6.0e+9,6.1e+9,6.2e+9,6.7e+9,6.8e+9,5.9e+9,6.1e+9,5.9e+9,6.1e+9,6.5e+9,7.4e+9,8.1e+9,6.3e+9,6.4e+9,7.2e+9,7.8e+9,7.0e+9,6.5e+9,6.6e+9,6.2e+9,6.4e+9,6.7e+9,6.8e+9,7.2e+9,6.6e+9,7.3e+9,8.0e+9,8.6e+9,9.0e+9,9.8e+9,1.1e+10,1.2e+10,1.3e+10,1.4e+10,1.5e+10,1.5e+10,1.6e+10,1.6e+10,1.7e+10,1.8e+10,1.8e+10,1.9e+10,2.1e+10,2.4e+10,2.7e+10,3.0e+10,3.2e+10,3.2e+10,3.4e+10,3.7e+10
bm,,,,,,,,,,,,,,,,,,,,,1.1e+9,1.2e+9,1.2e+9,1.2e+9,1.2e+9,1.3e+9,1.4e+9,1.4e+9,1.4e+9,1.5e+9,1.6e+9,1.6e+9,1.6e+9,1.7e+9,1.7e+9,1.8e+9,1.9e+9,2.0e+9,2.0e+9,2.0e+9,2.0e+9,1.9e+9,1.9e+9,2.0e+9,2.0e+9,2.1e+9,2.2e+9,2.4e+9,2.5e+9,2.6e+9,2.7e+9,3.0e+9,3.1e+9,3.3e+9,3.5e+9,3.6e+9,3.9e+9,4.5e+9,4.8e+9,4.8e+9,5.1e+9,4.9e+9,4.8e+9,4.7e+9,4.6e+9,4.8e+9,4.9e+9,5.0e+9,5.0e+9,5.0e+9
bt,,,,,,,,,,,,,,,,,,,,,4.9e+8,5.0e+8,5.1e+8,5.2e+8,5.4e+8,5.2e+8,5.7e+8,6.1e+8,6.6e+8,7.0e+8,7.2e+8,8.1e+8,8.5e+8,9.6e+8,9.8e+8,1.0e+9,1.1e+9,1.3e+9,1.3e+9,1.4e+9,1.5e+9,1.5e+9,1.5e+9,1.6e+9,1.6e+9,1.8e+9,1.9e+9,2.1e+9,2.1e+9,2.3e+9,2.6e+9,2.8e+9,3.2e+9,3.3e+9,3.5e+9,3.8e+9,4.1e+9,4.8e+9,4.7e+9,5.0e+9,5.4e+9,5.5e+9,5.9e+9,5.9e+9,6.2e+9,6.7e+9,7.3e+9,7.9e+9,8.1e+9,8.5e+9
bo,5.1e+9,5.8e+9,5.8e+9,5.0e+9,5.1e+9,5.6e+9,5.2e+9,5.0e+9,5.1e+9,5.2e+9,5.5e+9,5.8e+9,5.9e+9,6.3e+9,6.9e+9,7.6e+9,8.0e+9,8.5e+9,7.6e+9,7.9e+9,8.3e+9,8.8e+9,8.9e+9,9.5e+9,1.1e+10,1.1e+10,1.1e+10,1.2e+10,1.2e+10,1.2e+10,1.3e+10,1.3e+10,1.4e+10,1.3e+10,1.4e+10,1.5e+10,1.5e+10,1.5e+10,1.4e+10,1.5e+10,1.6e+10,1.7e+10,1.8e+10,1.9e+10,2.1e+10,2.3e+10,2.6e+10,2.6e+10,2.7e+10,2.7e+10,2.8e+10,2.9e+10,3.0e+10,3.2e+10,3.5e+10,3.7e+10,4.1e+10,4.3e+10,4.8e+10,4.9e+10,5.5e+10,6.1e+10,6.8e+10,7.4e+10,7.8e+10,8.0e+10,8.3e+10,9.3e+10,9.7e+10,9.9e+10
ba,,,,,,,,,,,,,,,,,,,,,,,,,,,,,,,,,,,,,,,,,6.9e+9,6.3e+9,5.9e+9,5.8e+9,6.4e+9,7.7e+9,1.4e+10,1.8e+10,1.9e+10,2.1e+10,2.1e+10,2.2e+10,2.4e+10,2.4e+10,2.6e+10,2.8e+10,3.1e+10,3.4e+10,3.6e+10,3.7e+10,3.7e+10,3.8e+10,3.9e+10,3.9e+10,3.9e+10,4.1e+10,4.2e+10,4.3e+10,4.5e+10,4.7e+10
bw,,,,,,,,,,,2.8e+8,3.0e+8,3.2e+8,3.4e+8,3.6e+8,3.4e+8,3.6e+8,4.2e+8,4.9e+8,4.9e+8,6.0e+8,7.5e+8,9.4e+8,1.1e+9,1.3e+9,1.4e+9,1.5e+9,1.7e+9,1.8e+9,2.0e+9,2.5e+9,2.7e+9,2.7e+9,3.0e+9,3.5e+9,4.3e+9,5.3e+9,6.0e+9,7.0e+9,9.0e+9,9.5e+9,1.0e+10,1.0e+10,1.1e+10,1.1e+10,1.2e+10,1.5e+10,1.6e+10,1.6e+10,1.8e+10,1.9e+10,1.9e+10,2.0e+10,2.1e+10,2.2e+10,2.6e+10,2.7e+10,2.8e+10,2.8e+10,2.6e+10,2.9e+10,3.2e+10,3.0e+10,3.2e+10,3.5e+10,3.3e+10,3.7e+10,3.7e+10,3.8e+10,3.9e+10
br,9.2e+10,9.6e+10,1.0e+11,1.1e+11,1.2e+11,1.3e+11,1.3e+11,1.4e+11,1.5e+11,1.6e+11,1.7e+11,2.0e+11,2.1e+11,2.2e+11,2.3e+11,2.5e+11,2.6e+11,2.8e+11,3.1e+11,3.2e+11,3.6e+11,4.0e+11,4.5e+11,5.2e+11,5.5e+11,5.8e+11,6.3e+11,6.5e+11,6.7e+11,7.1e+11,7.2e+11,7.3e+11,7.5e+11,7.4e+11,7.8e+11,8.2e+11,9.2e+11,9.6e+11,9.7e+11,9.8e+11,9.5e+11,1.0e+12,1.1e+12,1.2e+12,1.3e+12,1.5e+12,1.8e+12,1.8e+12,1.7e+12,1.6e+12,1.6e+12,1.6e+12,1.7e+12,1.7e+12,1.7e+12,1.8e+12,2.0e+12,2.2e+12,2.4e+12,2.5e+12,2.9e+12,3.2e+12,3.2e+12,3.3e+12,3.3e+12,3.1e+12,2.9e+12,3.0e+12,3.1e+12,3.1e+12
vi,,,,,,,,,,,,,,,,,,,,,6.7e+7,5.9e+7,5.8e+7,6.2e+7,6.7e+7,7.0e+7,6.8e+7,7.0e+7,7.5e+7,8.7e+7,1.0e+8,1.0e+8,1.0e+8,1.1e+8,1.1e+8,1.1e+8,1.2e+8,1.4e+8,1.5e+8,1.6e+8,2.0e+8,2.5e+8,3.1e+8,4.1e+8,5.1e+8,6.3e+8,6.8e+8,7.5e+8,8.3e+8,9.1e+8,9.9e+8,1.0e+9,1.0e+9,8.8e+8,9.1e+8,1.1e+9,1.0e+9,1.0e+9,1.0e+9,1.0e+9,9.9e+8,9.7e+8,9.9e+8,9.7e+8,1.0e+9,1.1e+9,1.2e+9,1.1e+9,1.1e+9,1.1e+9
bi,,,,,,,,,,,2.0e+9,1.7e+9,1.9e+9,1.9e+9,2.0e+9,2.1e+9,2.1e+9,2.4e+9,2.4e+9,2.3e+9,1.3e+10,1.4e+10,1.6e+10,1.7e+10,1.9e+10,1.9e+10,2.3e+10,2.5e+10,2.5e+10,3.1e+10,3.4e+10,3.2e+10,2.5e+10,2.3e+10,2.3e+10,2.1e+10,1.4e+10,1.5e+10,1.3e+10,1.4e+10,1.5e+10,1.5e+10,1.6e+10,1.5e+10,1.4e+10,1.3e+10,1.7e+10,1.5e+10,1.3e+10,1.5e+10,1.9e+10,1.8e+10,1.9e+10,2.1e+10,2.4e+10,2.9e+10,3.3e+10,3.1e+10,3.7e+10,2.8e+10,3.0e+10,3.7e+10,3.9e+10,3.7e+10,3.6e+10,2.8e+10,2.5e+10,2.7e+10,2.9e+10,2.9e+10
bg,,,,,,,,,,,,,,,,,,,,,3.8e+10,4.1e+10,4.4e+10,4.8e+10,5.1e+10,5.6e+10,6.0e+10,6.3e+10,6.7e+10,7.2e+10,7.3e+10,7.8e+10,8.2e+10,8.7e+10,9.0e+10,9.3e+10,9.5e+10,1.0e+11,1.1e+11,1.0e+11,1.0e+11,1.1e+11,9.0e+10,8.2e+10,8.1e+10,8.7e+10,8.1e+10,6.3e+10,7.2e+10,7.0e+10,7.4e+10,7.5e+10,7.9e+10,8.2e+10,8.6e+10,9.2e+10,9.8e+10,1.1e+11,1.2e+11,1.2e+11,1.2e+11,1.2e+11,1.3e+11,1.2e+11,1.3e+11,1.3e+11,1.4e+11,1.5e+11,1.5e+11,1.6e+11
bf,,,,,,,,,,4.2e+9,4.6e+9,4.5e+9,4.9e+9,4.7e+9,5.0e+9,5.0e+9,5.0e+9,5.5e+9,5.7e+9,5.7e+9,5.5e+9,5.1e+9,6.3e+9,5.9e+9,6.2e+9,6.2e+9,6.3e+9,6.8e+9,7.6e+9,7.8e+9,7.8e+9,8.3e+9,8.2e+9,7.7e+9,7.8e+9,8.3e+9,9.2e+9,9.0e+9,9.6e+9,9.6e+9,9.6e+9,1.0e+10,1.0e+10,1.1e+10,9.7e+9,1.1e+10,1.2e+10,1.3e+10,1.4e+10,1.5e+10,1.5e+10,1.6e+10,1.7e+10,1.8e+10,1.9e+10,2.1e+10,2.1e+10,2.1e+10,2.2e+10,2.3e+10,2.5e+10,2.7e+10,2.8e+10,2.9e+10,3.0e+10,3.1e+10,3.4e+10,3.7e+10,4.1e+10,4.4e+10
kh,,,,,,,,,,,,,,,,,,,,,1.2e+10,1.2e+10,1.1e+10,9.1e+9,8.6e+9,8.5e+9,8.5e+9,7.2e+9,7.2e+9,6.3e+9,6.0e+9,5.9e+9,5.9e+9,6.2e+9,6.5e+9,6.8e+9,7.1e+9,8.5e+9,9.6e+9,1.0e+10,1.0e+10,1.1e+10,1.2e+10,1.1e+10,1.2e+10,1.3e+10,1.3e+10,1.4e+10,1.4e+10,1.6e+10,1.7e+10,1.9e+10,2.0e+10,2.2e+10,2.4e+10,2.7e+10,2.9e+10,3.2e+10,3.5e+10,3.6e+10,3.7e+10,4.0e+10,4.4e+10,4.6e+10,4.8e+10,5.2e+10,5.7e+10,6.1e+10,6.5e+10,6.9e+10
cm,,,,,,,,,,,8.5e+9,8.8e+9,8.7e+9,9.4e+9,9.7e+9,1.0e+10,1.1e+10,9.6e+9,1.0e+10,1.1e+10,1.1e+10,1.1e+10,1.2e+10,1.3e+10,1.3e+10,1.3e+10,1.2e+10,1.4e+10,1.7e+10,1.9e+10,2.1e+10,2.4e+10,2.7e+10,3.0e+10,3.4e+10,3.6e+10,3.4e+10,3.4e+10,3.3e+10,3.2e+10,3.1e+10,3.0e+10,2.9e+10,3.1e+10,3.2e+10,3.4e+10,3.6e+10,3.7e+10,3.9e+10,4.1e+10,4.2e+10,4.3e+10,4.4e+10,4.7e+10,4.8e+10,4.9e+10,5.1e+10,5.4e+10,5.6e+10,5.7e+10,5.9e+10,6.2e+10,6.6e+10,6.9e+10,7.4e+10,7.7e+10,8.1e+10,8.6e+10,9.0e+10,9.3e+10
ca,1.7e+11,1.8e+11,1.9e+11,2.0e+11,2.0e+11,2.2e+11,2.4e+11,2.4e+11,2.5e+11,2.6e+11,2.7e+11,2.8e+11,3.0e+11,3.1e+11,3.3e+11,3.5e+11,3.8e+11,3.9e+11,4.1e+11,4.3e+11,4.4e+11,4.6e+11,4.9e+11,5.3e+11,5.6e+11,5.7e+11,6.0e+11,6.1e+11,6.3e+11,6.6e+11,6.8e+11,6.9e+11,6.7e+11,6.9e+11,7.4e+11,7.8e+11,7.9e+11,8.4e+11,8.9e+11,9.2e+11,9.2e+11,8.9e+11,9.0e+11,9.3e+11,9.8e+11,1.0e+12,1.1e+12,1.1e+12,1.1e+12,1.2e+12,1.3e+12,1.3e+12,1.3e+12,1.3e+12,1.4e+12,1.4e+12,1.5e+12,1.5e+12,1.5e+12,1.4e+12,1.5e+12,1.6e+12,1.6e+12,1.6e+12,1.7e+12,1.7e+12,1.7e+12,1.8e+12,1.8e+12,1.8e+12
cv,,,,,,,,,,,2.2e+8,2.6e+8,2.3e+8,1.9e+8,2.0e+8,2.1e+8,2.7e+8,3.0e+8,3.3e+8,3.6e+8,4.1e+8,4.3e+8,4.4e+8,4.5e+8,4.6e+8,3.8e+8,3.9e+8,3.7e+8,4.1e+8,4.2e+8,4.5e+8,4.7e+8,4.9e+8,5.3e+8,5.6e+8,5.8e+8,6.5e+8,6.9e+8,7.2e+8,7.7e+8,7.5e+8,7.8e+8,8.4e+8,8.9e+8,1.0e+9,1.0e+9,1.2e+9,1.2e+9,1.3e+9,1.6e+9,1.6e+9,1.7e+9,1.8e+9,2.0e+9,2.1e+9,2.1e+9,2.3e+9,2.7e+9,2.9e+9,3.0e+9,3.1e+9,3.3e+9,3.2e+9,3.2e+9,3.2e+9,3.3e+9,3.4e+9,3.5e+9,3.7e+9,4.0e+9
ky,,,,,,,,,,,,,,,,,,,,,3.2e+8,3.3e+8,3.5e+8,4.0e+8,4.5e+8,4.9e+8,5.4e+8,5.9e+8,6.5e+8,7.1e+8,7.8e+8,8.6e+8,9.5e+8,1.1e+9,1.2e+9,1.2e+9,1.3e+9,1.4e+9,1.6e+9,1.8e+9,2.0e+9,2.0e+9,2.1e+9,2.2e+9,2.3e+9,2.4e+9,2.5e+9,2.6e+9,3.4e+9,3.5e+9,3.6e+9,3.6e+9,3.7e+9,3.7e+9,3.8e+9,4.0e+9,4.2e+9,4.2e+9,4.3e+9,4.0e+9,3.9e+9,3.9e+9,4.0e+9,3.8e+9,3.8e+9,3.9e+9,4.0e+9,4.1e+9,4.4e+9,4.6e+9
cf,,,,,,,,,,,2.1e+9,2.3e+9,2.3e+9,2.2e+9,2.3e+9,2.3e+9,2.3e+9,2.2e+9,2.7e+9,2.7e+9,2.8e+9,2.7e+9,2.6e+9,2.8e+9,2.6e+9,2.5e+9,2.5e+9,2.7e+9,2.8e+9,2.7e+9,2.5e+9,2.9e+9,2.9e+9,2.8e+9,3.0e+9,3.4e+9,3.3e+9,3.1e+9,3.2e+9,3.4e+9,3.4e+9,3.3e+9,3.2e+9,3.1e+9,3.7e+9,3.7e+9,3.3e+9,3.5e+9,3.7e+9,3.7e+9,3.8e+9,3.8e+9,3.8e+9,3.6e+9,3.7e+9,3.8e+9,4.0e+9,4.2e+9,4.3e+9,4.6e+9,4.8e+9,4.9e+9,5.4e+9,3.6e+9,3.4e+9,3.7e+9,4.0e+9,4.2e+9,4.3e+9,4.5e+9
td,,,,,,,,,,,4.3e+9,4.6e+9,5.2e+9,4.8e+9,4.8e+9,5.1e+9,4.9e+9,4.7e+9,4.7e+9,4.8e+9,5.1e+9,5.2e+9,4.8e+9,4.5e+9,5.1e+9,5.9e+9,5.9e+9,5.7e+9,5.6e+9,4.6e+9,4.3e+9,3.9e+9,4.1e+9,5.5e+9,5.8e+9,6.2e+9,6.1e+9,6.3e+9,6.8e+9,7.1e+9,7.2e+9,7.5e+9,7.6e+9,7.5e+9,7.8e+9,8.0e+9,7.9e+9,8.9e+9,8.9e+9,9.1e+9,8.8e+9,9.1e+9,7.0e+9,8.4e+9,1.3e+10,1.6e+10,1.7e+10,1.9e+10,2.0e+10,1.9e+10,2.5e+10,2.5e+10,2.6e+10,2.3e+10,2.4e+10,2.8e+10,2.5e+10,2.4e+10,2.5e+10,2.6e+10
cl,,3.1e+10,3.4e+10,3.5e+10,3.7e+10,3.7e+10,3.6e+10,3.9e+10,4.0e+10,4.1e+10,4.3e+10,4.2e+10,5.2e+10,5.5e+10,5.7e+10,5.7e+10,6.3e+10,6.6e+10,6.9e+10,7.4e+10,7.4e+10,8.2e+10,8.1e+10,7.9e+10,7.7e+10,6.2e+10,6.6e+10,7.0e+10,7.5e+10,8.3e+10,8.7e+10,9.1e+10,7.8e+10,7.7e+10,7.8e+10,8.0e+10,8.3e+10,8.9e+10,9.9e+10,1.1e+11,1.1e+11,1.2e+11,1.3e+11,1.4e+11,1.5e+11,1.7e+11,1.8e+11,1.8e+11,1.8e+11,1.8e+11,1.8e+11,1.8e+11,1.8e+11,1.9e+11,2.2e+11,2.4e+11,2.8e+11,3.0e+11,3.0e+11,3.0e+11,3.5e+11,3.9e+11,4.0e+11,4.2e+11,4.2e+11,4.2e+11,4.2e+11,4.3e+11,4.4e+11,4.5e+11
cn,,,5.5e+11,6.3e+11,5.8e+11,6.4e+11,6.9e+11,7.2e+11,7.3e+11,7.0e+11,6.5e+11,5.6e+11,6.1e+11,6.8e+11,7.7e+11,8.5e+11,8.7e+11,9.0e+11,8.7e+11,9.6e+11,1.1e+12,1.2e+12,1.2e+12,1.3e+12,1.3e+12,1.3e+12,1.3e+12,1.4e+12,1.6e+12,1.7e+12,1.7e+12,1.7e+12,1.8e+12,2.0e+12,2.2e+12,2.5e+12,2.6e+12,2.7e+12,2.9e+12,2.9e+12,2.9e+12,3.1e+12,3.3e+12,3.6e+12,3.9e+12,4.3e+12,4.7e+12,4.9e+12,4.9e+12,5.1e+12,5.5e+12,6.0e+12,6.6e+12,7.1e+12,8.0e+12,8.9e+12,9.9e+12,1.1e+13,1.1e+13,1.2e+13,1.4e+13,1.5e+13,1.6e+13,1.6e+13,1.7e+13,1.8e+13,1.9e+13,2.0e+13,2.0e+13,2.0e+13
co,4.0e+10,4.0e+10,4.3e+10,4.7e+10,5.2e+10,5.4e+10,5.5e+10,5.5e+10,5.4e+10,5.7e+10,6.0e+10,6.4e+10,6.7e+10,6.9e+10,7.6e+10,7.6e+10,7.9e+10,8.3e+10,8.8e+10,9.4e+10,1.0e+11,1.1e+11,1.2e+11,1.4e+11,1.5e+11,1.6e+11,1.7e+11,1.8e+11,1.9e+11,2.0e+11,2.1e+11,2.1e+11,2.1e+11,2.1e+11,2.1e+11,2.1e+11,2.3e+11,2.3e+11,2.4e+11,2.4e+11,2.5e+11,2.6e+11,2.6e+11,2.8e+11,2.9e+11,3.1e+11,3.1e+11,3.2e+11,3.1e+11,3.0e+11,3.1e+11,3.0e+11,3.1e+11,3.2e+11,3.4e+11,3.6e+11,3.9e+11,4.3e+11,4.7e+11,4.8e+11,5.2e+11,5.8e+11,6.1e+11,6.2e+11,6.4e+11,6.4e+11,6.4e+11,6.5e+11,6.8e+11,7.0e+11
km,,,,,,,,,,,3.2e+8,3.4e+8,4.0e+8,4.5e+8,5.0e+8,5.0e+8,5.6e+8,6.3e+8,6.2e+8,6.0e+8,6.6e+8,6.8e+8,7.0e+8,7.5e+8,7.7e+8,8.2e+8,8.2e+8,8.6e+8,8.8e+8,9.6e+8,1.0e+9,1.1e+9,1.1e+9,1.2e+9,1.3e+9,1.4e+9,1.6e+9,1.6e+9,1.6e+9,1.5e+9,1.5e+9,1.5e+9,1.6e+9,1.6e+9,1.3e+9,1.6e+9,1.6e+9,1.6e+9,1.5e+9,1.6e+9,1.5e+9,1.7e+9,1.8e+9,1.8e+9,1.7e+9,1.9e+9,2.0e+9,1.6e+9,1.7e+9,1.7e+9,1.7e+9,1.9e+9,2.0e+9,2.1e+9,2.2e+9,2.2e+9,2.4e+9,2.5e+9,2.6e+9,2.7e+9
cg,,,,,,,,,,,1.1e+9,1.2e+9,1.4e+9,1.5e+9,1.6e+9,1.6e+9,1.6e+9,1.6e+9,1.7e+9,1.8e+9,2.0e+9,2.1e+9,2.2e+9,2.3e+9,2.9e+9,2.8e+9,2.9e+9,2.9e+9,3.0e+9,3.5e+9,4.2e+9,4.8e+9,5.3e+9,6.6e+9,7.9e+9,7.8e+9,5.3e+9,5.4e+9,4.8e+9,5.2e+9,5.9e+9,6.7e+9,4.9e+9,5.1e+9,4.7e+9,4.5e+9,5.3e+9,5.0e+9,4.1e+9,5.2e+9,8.3e+9,7.7e+9,8.2e+9,8.3e+9,1.0e+10,1.3e+10,1.4e+10,1.3e+10,1.7e+10,1.5e+10,2.2e+10,2.6e+10,2.9e+10,2.8e+10,2.7e+10,2.1e+10,1.9e+10,2.2e+10,2.6e+10,2.4e+10
cr,3.2e+9,3.4e+9,4.0e+9,4.9e+9,5.1e+9,5.5e+9,5.3e+9,5.8e+9,6.4e+9,6.4e+9,6.8e+9,6.7e+9,7.2e+9,7.6e+9,8.1e+9,8.7e+9,9.3e+9,9.8e+9,1.0e+10,1.1e+10,1.2e+10,1.2e+10,1.3e+10,1.4e+10,1.4e+10,1.5e+10,1.6e+10,1.9e+10,2.0e+10,2.0e+10,2.0e+10,1.9e+10,1.8e+10,1.9e+10,2.0e+10,2.1e+10,2.3e+10,2.3e+10,2.3e+10,2.5e+10,2.5e+10,2.6e+10,2.8e+10,3.1e+10,3.2e+10,3.4e+10,3.4e+10,3.7e+10,4.0e+10,4.1e+10,4.2e+10,4.3e+10,4.4e+10,4.6e+10,4.8e+10,5.0e+10,5.2e+10,5.6e+10,5.8e+10,6.2e+10,6.5e+10,6.8e+10,7.3e+10,7.4e+10,7.7e+10,8.3e+10,8.9e+10,9.3e+10,9.5e+10,9.7e+10
ci,,,,,,,,,,,6.6e+9,6.7e+9,7.1e+9,8.3e+9,1.0e+10,9.0e+9,1.0e+10,1.1e+10,1.2e+10,1.4e+10,1.5e+10,1.5e+10,1.6e+10,1.8e+10,1.9e+10,1.9e+10,2.3e+10,2.6e+10,2.7e+10,2.7e+10,2.2e+10,2.2e+10,2.3e+10,2.4e+10,2.6e+10,3.0e+10,3.1e+10,2.9e+10,3.0e+10,3.3e+10,3.0e+10,3.1e+10,3.2e+10,3.2e+10,3.4e+10,3.7e+10,4.1e+10,4.1e+10,4.1e+10,4.1e+10,4.0e+10,4.0e+10,4.1e+10,4.4e+10,4.2e+10,4.0e+10,4.3e+10,4.4e+10,4.8e+10,5.2e+10,6.0e+10,6.4e+10,7.2e+10,8.1e+10,9.4e+10,1.1e+11,1.1e+11,1.1e+11,1.2e+11,1.3e+11
hr,,,,,,,,,,,,,,,,,,,,,,,,,,,,,,,,,,,,,,,,,6.4e+10,5.1e+10,4.5e+10,4.1e+10,4.5e+10,4.7e+10,4.9e+10,5.3e+10,5.6e+10,5.6e+10,5.8e+10,6.1e+10,6.6e+10,7.2e+10,7.6e+10,7.9e+10,8.8e+10,9.7e+10,1.0e+11,9.8e+10,9.6e+10,9.8e+10,9.8e+10,9.6e+10,9.5e+10,9.9e+10,1.0e+11,1.1e+11,1.1e+11,1.1e+11
cw,,,,,,,,,,,,,,,,,,,,,,,,,,,,,,,,,,,,,,,,,,,,,,,,,,,,,,,,3.9e+9,4.0e+9,4.1e+9,4.2e+9,4.1e+9,4.2e+9,4.2e+9,4.2e+9,4.1e+9,4.0e+9,4.0e+9,4.0e+9,3.9e+9,3.8e+9,3.7e+9
cy,1.4e+9,1.5e+9,1.7e+9,2.0e+9,2.2e+9,2.3e+9,2.6e+9,2.5e+9,2.2e+9,2.4e+9,2.3e+9,2.6e+9,3.0e+9,3.1e+9,2.7e+9,3.4e+9,3.7e+9,4.0e+9,4.2e+9,4.7e+9,4.8e+9,5.2e+9,5.5e+9,5.4e+9,4.0e+9,3.2e+9,4.1e+9,5.0e+9,5.5e+9,6.3e+9,6.8e+9,6.8e+9,7.4e+9,7.7e+9,8.7e+9,9.0e+9,9.4e+9,1.0e+10,1.1e+10,1.2e+10,1.3e+10,1.3e+10,1.4e+10,1.4e+10,1.5e+10,1.6e+10,1.6e+10,1.7e+10,1.8e+10,1.9e+10,2.0e+10,2.1e+10,2.1e+10,2.1e+10,2.3e+10,2.4e+10,2.6e+10,2.9e+10,3.1e+10,3.1e+10,3.1e+10,3.1e+10,3.0e+10,2.7e+10,2.6e+10,2.7e+10,3.0e+10,3.2e+10,3.3e+10,3.4e+10
cz,,,,,,,,,,,,,,,,,,,,,,,,,,,,,,,,,,,,,,,,,2.5e+11,2.1e+11,2.0e+11,2.1e+11,2.2e+11,2.2e+11,2.4e+11,2.3e+11,2.3e+11,2.3e+11,2.3e+11,2.4e+11,2.4e+11,2.5e+11,2.6e+11,2.7e+11,2.9e+11,3.2e+11,3.3e+11,3.3e+11,3.3e+11,3.4e+11,3.4e+11,3.4e+11,3.5e+11,3.8e+11,3.9e+11,4.1e+11,4.2e+11,4.4e+11
cd,2.6e+10,3.0e+10,3.1e+10,3.6e+10,3.7e+10,4.0e+10,4.1e+10,4.0e+10,4.0e+10,4.1e+10,4.3e+10,3.7e+10,4.6e+10,4.7e+10,4.4e+10,4.7e+10,5.4e+10,5.0e+10,5.4e+10,6.0e+10,5.9e+10,5.7e+10,5.4e+10,6.1e+10,6.6e+10,5.1e+10,4.6e+10,4.8e+10,4.7e+10,5.6e+10,5.8e+10,5.6e+10,5.7e+10,5.9e+10,7.3e+10,6.6e+10,6.1e+10,6.2e+10,6.7e+10,6.7e+10,5.2e+10,4.3e+10,5.6e+10,4.3e+10,3.3e+10,3.4e+10,3.0e+10,3.1e+10,2.7e+10,2.9e+10,2.6e+10,2.6e+10,2.7e+10,2.9e+10,3.2e+10,3.4e+10,3.6e+10,4.0e+10,4.0e+10,4.1e+10,4.6e+10,5.0e+10,5.3e+10,5.8e+10,6.5e+10,7.2e+10,8.4e+10,8.3e+10,8.6e+10,8.9e+10
dk,4.5e+10,4.3e+10,4.5e+10,4.8e+10,5.0e+10,5.0e+10,5.1e+10,5.3e+10,5.5e+10,6.0e+10,6.3e+10,6.7e+10,7.1e+10,7.3e+10,7.9e+10,8.3e+10,8.6e+10,9.0e+10,9.5e+10,1.0e+11,1.0e+11,1.1e+11,1.1e+11,1.2e+11,1.1e+11,1.1e+11,1.2e+11,1.2e+11,1.3e+11,1.3e+11,1.3e+11,1.2e+11,1.2e+11,1.3e+11,1.3e+11,1.3e+11,1.4e+11,1.4e+11,1.4e+11,1.4e+11,1.4e+11,1.5e+11,1.5e+11,1.5e+11,1.6e+11,1.6e+11,1.7e+11,1.8e+11,1.9e+11,1.9e+11,2.0e+11,2.0e+11,2.0e+11,2.0e+11,2.1e+11,2.2e+11,2.4e+11,2.5e+11,2.6e+11,2.5e+11,2.6e+11,2.6e+11,2.7e+11,2.7e+11,2.7e+11,2.8e+11,2.9e+11,3.1e+11,3.1e+11,3.2e+11
dj,,,,,,,,,,,,,,,,,,,,,1.2e+9,1.3e+9,1.3e+9,1.4e+9,1.3e+9,1.5e+9,1.6e+9,1.4e+9,1.3e+9,1.4e+9,1.4e+9,1.4e+9,1.4e+9,1.4e+9,1.4e+9,1.4e+9,1.4e+9,1.4e+9,1.4e+9,1.4e+9,1.4e+9,1.4e+9,1.5e+9,2.0e+9,1.4e+9,1.7e+9,1.6e+9,1.7e+9,1.7e+9,1.8e+9,1.8e+9,1.9e+9,1.8e+9,1.9e+9,2.0e+9,2.1e+9,2.4e+9,2.5e+9,2.7e+9,2.5e+9,2.3e+9,3.0e+9,3.2e+9,3.7e+9,4.0e+9,4.4e+9,4.4e+9,4.6e+9,6.5e+9,6.9e+9
dm,,,,,,,,,,,,,,,,,,,,,2.7e+8,2.8e+8,3.1e+8,3.4e+8,3.2e+8,3.4e+8,3.6e+8,3.6e+8,4.0e+8,3.5e+8,3.6e+8,4.1e+8,4.4e+8,4.6e+8,4.6e+8,4.7e+8,5.1e+8,5.4e+8,5.6e+8,5.4e+8,5.8e+8,5.7e+8,6.2e+8,6.4e+8,6.3e+8,6.5e+8,6.7e+8,6.5e+8,6.5e+8,6.2e+8,6.2e+8,6.1e+8,5.9e+8,6.1e+8,6.2e+8,6.2e+8,6.5e+8,7.0e+8,7.5e+8,7.5e+8,7.6e+8,7.7e+8,7.6e+8,7.7e+8,8.0e+8,8.3e+8,8.7e+8,8.0e+8,8.1e+8,8.4e+8
do,,6.0e+9,5.6e+9,5.5e+9,6.1e+9,6.0e+9,6.6e+9,7.6e+9,7.4e+9,7.5e+9,8.5e+9,8.3e+9,1.0e+10,1.1e+10,1.2e+10,1.0e+10,1.1e+10,1.1e+10,1.1e+10,1.3e+10,1.5e+10,1.6e+10,1.8e+10,2.0e+10,2.2e+10,2.4e+10,2.3e+10,2.4e+10,2.4e+10,2.5e+10,2.9e+10,3.1e+10,3.1e+10,3.2e+10,3.2e+10,3.2e+10,3.4e+10,3.5e+10,3.8e+10,3.8e+10,3.5e+10,3.6e+10,4.0e+10,4.4e+10,4.7e+10,4.9e+10,5.3e+10,5.8e+10,6.5e+10,6.9e+10,7.2e+10,7.5e+10,7.9e+10,7.5e+10,7.8e+10,8.5e+10,9.5e+10,1.0e+11,1.1e+11,1.1e+11,1.2e+11,1.2e+11,1.3e+11,1.3e+11,1.4e+11,1.5e+11,1.7e+11,1.7e+11,1.8e+11,1.9e+11
ec,1.1e+10,1.2e+10,1.3e+10,1.4e+10,1.5e+10,1.6e+10,1.6e+10,1.7e+10,1.7e+10,1.8e+10,1.9e+10,2.0e+10,2.1e+10,2.1e+10,2.3e+10,2.4e+10,2.4e+10,2.6e+10,2.8e+10,2.8e+10,3.1e+10,3.2e+10,3.3e+10,3.5e+10,4.4e+10,4.7e+10,5.1e+10,5.4e+10,5.6e+10,6.0e+10,6.3e+10,6.4e+10,6.3e+10,6.1e+10,6.2e+10,6.5e+10,6.2e+10,6.0e+10,5.9e+10,6.0e+10,6.4e+10,6.6e+10,6.7e+10,6.2e+10,6.4e+10,6.4e+10,6.5e+10,6.8e+10,6.9e+10,6.7e+10,7.1e+10,7.3e+10,8.0e+10,8.6e+10,9.5e+10,1.1e+11,1.2e+11,1.2e+11,1.4e+11,1.3e+11,1.4e+11,1.6e+11,1.7e+11,1.8e+11,1.9e+11,1.8e+11,1.8e+11,1.9e+11,2.0e+11,2.0e+11
eg,1.5e+10,1.6e+10,1.5e+10,1.5e+10,1.6e+10,1.6e+10,1.7e+10,1.8e+10,1.8e+10,2.0e+10,2.0e+10,2.1e+10,2.3e+10,2.4e+10,2.8e+10,2.9e+10,3.0e+10,3.1e+10,3.4e+10,3.6e+10,4.1e+10,4.2e+10,4.5e+10,4.5e+10,5.0e+10,5.2e+10,5.4e+10,5.7e+10,5.9e+10,5.9e+10,6.1e+10,7.0e+10,7.0e+10,8.1e+10,9.2e+10,9.8e+10,9.9e+10,1.0e+11,1.0e+11,1.1e+11,1.3e+11,1.5e+11,1.6e+11,1.9e+11,2.2e+11,2.5e+11,3.0e+11,3.2e+11,3.2e+11,3.4e+11,3.6e+11,3.7e+11,3.8e+11,4.0e+11,4.2e+11,4.3e+11,4.8e+11,5.5e+11,6.2e+11,7.1e+11,8.0e+11,8.9e+11,1.0e+12,1.0e+12,1.0e+12,1.1e+12,1.0e+12,1.0e+12,1.1e+12,1.1e+12
sv,1.5e+9,1.5e+9,1.6e+9,1.8e+9,1.9e+9,1.9e+9,2.0e+9,2.2e+9,2.1e+9,2.1e+9,2.1e+9,2.2e+9,2.4e+9,2.5e+9,2.7e+9,2.9e+9,3.1e+9,3.3e+9,3.3e+9,3.4e+9,3.7e+9,3.7e+9,4.0e+9,4.3e+9,4.2e+9,4.4e+9,5.1e+9,6.0e+9,5.6e+9,5.6e+9,5.1e+9,4.6e+9,4.4e+9,4.6e+9,4.8e+9,5.1e+9,5.5e+9,5.6e+9,6.0e+9,6.1e+9,6.1e+9,6.6e+9,7.2e+9,8.1e+9,9.0e+9,1.0e+10,1.1e+10,1.2e+10,1.3e+10,1.4e+10,1.5e+10,1.6e+10,1.7e+10,1.9e+10,2.0e+10,2.2e+10,2.5e+10,2.7e+10,3.0e+10,3.2e+10,3.7e+10,4.3e+10,4.4e+10,4.5e+10,4.6e+10,4.8e+10,5.0e+10,5.1e+10,5.2e+10,5.4e+10
gq,,,,,,,,,,,3.7e+8,3.8e+8,3.9e+8,5.1e+8,4.9e+8,4.4e+8,5.1e+8,5.5e+8,6.2e+8,6.5e+8,5.2e+8,5.8e+8,5.5e+8,5.7e+8,5.8e+8,6.6e+8,6.8e+8,7.3e+8,5.2e+8,5.2e+8,5.0e+8,4.7e+8,4.9e+8,8.1e+8,8.3e+8,9.1e+8,7.9e+8,8.8e+8,9.0e+8,1.0e+9,8.8e+8,8.8e+8,1.1e+9,1.1e+9,7.5e+8,8.7e+8,1.4e+9,3.4e+9,2.8e+9,4.3e+9,6.7e+9,9.4e+9,8.3e+9,8.8e+9,1.2e+10,1.8e+10,1.7e+10,2.0e+10,2.9e+10,2.3e+10,2.7e+10,3.9e+10,4.3e+10,4.0e+10,4.0e+10,3.1e+10,2.8e+10,3.2e+10,3.5e+10,3.0e+10
ee,,,,,,,,,,,,,,,,,,,,,,,,,,,,,,,,,,,,,,,,,1.8e+10,1.9e+10,1.5e+10,1.4e+10,1.4e+10,1.5e+10,1.6e+10,1.7e+10,1.7e+10,1.7e+10,1.8e+10,1.9e+10,2.0e+10,2.2e+10,2.4e+10,2.7e+10,3.0e+10,3.4e+10,3.5e+10,3.1e+10,3.3e+10,3.7e+10,3.9e+10,3.9e+10,4.0e+10,4.1e+10,4.3e+10,4.5e+10,4.7e+10,4.9e+10
sz,,,,,,,,,,,,,,,,,,,,,1.2e+9,1.4e+9,1.7e+9,1.6e+9,1.7e+9,2.1e+9,2.4e+9,2.4e+9,2.3e+9,2.3e+9,2.5e+9,2.7e+9,2.7e+9,3.0e+9,3.0e+9,3.1e+9,3.7e+9,4.5e+9,4.6e+9,4.7e+9,5.5e+9,5.7e+9,6.0e+9,6.7e+9,6.9e+9,7.9e+9,8.4e+9,8.3e+9,8.0e+9,7.8e+9,8.4e+9,8.2e+9,8.1e+9,8.0e+9,8.1e+9,8.5e+9,8.9e+9,9.0e+9,8.8e+9,9.2e+9,9.4e+9,9.5e+9,9.9e+9,1.0e+10,1.0e+10,1.0e+10,1.0e+10,9.8e+9,1.0e+10,9.7e+9
et,7.9e+9,9.0e+9,9.4e+9,1.0e+10,1.0e+10,1.0e+10,1.1e+10,1.1e+10,1.1e+10,1.1e+10,1.2e+10,1.3e+10,1.3e+10,1.3e+10,1.4e+10,1.5e+10,1.6e+10,1.6e+10,1.7e+10,1.8e+10,1.8e+10,1.9e+10,2.0e+10,2.0e+10,2.0e+10,2.1e+10,2.2e+10,2.2e+10,2.3e+10,2.3e+10,2.4e+10,2.7e+10,3.0e+10,3.4e+10,3.5e+10,3.7e+10,3.6e+10,3.6e+10,3.5e+10,3.3e+10,3.7e+10,3.5e+10,3.1e+10,3.3e+10,3.1e+10,3.5e+10,3.5e+10,3.9e+10,3.6e+10,3.6e+10,3.7e+10,4.1e+10,3.7e+10,3.7e+10,4.5e+10,5.2e+10,5.4e+10,6.5e+10,7.0e+10,7.8e+10,8.9e+10,1.0e+11,1.1e+11,1.2e+11,1.4e+11,1.6e+11,1.9e+11,2.0e+11,2.3e+11,2.9e+11
fj,,,,,,,,,,,1.1e+9,1.2e+9,1.2e+9,1.4e+9,1.6e+9,1.3e+9,1.4e+9,1.5e+9,1.6e+9,1.7e+9,1.9e+9,2.0e+9,2.2e+9,2.5e+9,2.7e+9,2.9e+9,2.9e+9,3.1e+9,3.2e+9,3.7e+9,3.7e+9,3.5e+9,3.4e+9,3.4e+9,3.6e+9,3.7e+9,3.7e+9,3.7e+9,3.8e+9,4.2e+9,4.5e+9,4.4e+9,4.6e+9,4.7e+9,4.8e+9,5.0e+9,5.2e+9,5.0e+9,5.0e+9,5.3e+9,5.1e+9,5.1e+9,5.2e+9,5.2e+9,5.4e+9,5.3e+9,5.7e+9,5.8e+9,6.1e+9,6.4e+9,7.0e+9,7.6e+9,8.1e+9,8.5e+9,9.9e+9,1.1e+10,1.1e+10,1.1e+10,1.2e+10,1.2e+10
fi,2.6e+10,3.1e+10,3.1e+10,3.0e+10,3.4e+10,3.7e+10,3.7e+10,3.7e+10,3.7e+10,4.0e+10,4.4e+10,4.9e+10,5.0e+10,5.1e+10,5.3e+10,5.7e+10,5.9e+10,6.0e+10,6.2e+10,6.9e+10,7.5e+10,7.6e+10,8.1e+10,8.7e+10,9.0e+10,8.9e+10,8.9e+10,8.8e+10,9.0e+10,9.8e+10,1.0e+11,1.0e+11,1.0e+11,1.0e+11,1.1e+11,1.1e+11,1.1e+11,1.2e+11,1.3e+11,1.4e+11,1.4e+11,1.2e+11,1.2e+11,1.2e+11,1.3e+11,1.4e+11,1.4e+11,1.5e+11,1.7e+11,1.8e+11,1.9e+11,1.9e+11,1.9e+11,1.9e+11,2.0e+11,2.0e+11,2.1e+11,2.3e+11,2.4e+11,2.3e+11,2.3e+11,2.4e+11,2.4e+11,2.4e+11,2.3e+11,2.4e+11,2.5e+11,2.5e+11,2.6e+11,2.6e+11
fr,3.3e+11,3.4e+11,3.5e+11,3.7e+11,3.9e+11,4.1e+11,4.3e+11,4.6e+11,4.7e+11,4.9e+11,5.3e+11,5.5e+11,5.9e+11,6.3e+11,6.7e+11,7.0e+11,7.4e+11,7.8e+11,8.1e+11,8.7e+11,9.2e+11,9.8e+11,1.0e+12,1.1e+12,1.1e+12,1.1e+12,1.2e+12,1.2e+12,1.3e+12,1.4e+12,1.4e+12,1.3e+12,1.3e+12,1.3e+12,1.3e+12,1.3e+12,1.4e+12,1.4e+12,1.5e+12,1.5e+12,1.6e+12,1.6e+12,1.6e+12,1.6e+12,1.6e+12,1.7e+12,1.7e+12,1.8e+12,1.9e+12,2.0e+12,2.1e+12,2.2e+12,2.2e+12,2.1e+12,2.2e+12,2.3e+12,2.4e+12,2.5e+12,2.6e+12,2.5e+12,2.6e+12,2.7e+12,2.7e+12,2.7e+12,2.7e+12,2.8e+12,2.8e+12,2.9e+12,3.0e+12,3.0e+12
ga,,,,,,,,,,,1.5e+9,1.6e+9,1.8e+9,2.2e+9,2.4e+9,2.7e+9,2.5e+9,2.8e+9,2.9e+9,3.0e+9,3.5e+9,4.0e+9,3.8e+9,4.4e+9,5.9e+9,6.0e+9,7.3e+9,7.1e+9,7.9e+9,8.8e+9,1.0e+10,1.0e+10,9.5e+9,1.0e+10,1.0e+10,9.5e+9,7.7e+9,7.1e+9,6.7e+9,9.1e+9,9.1e+9,9.8e+9,9.4e+9,9.3e+9,1.0e+10,1.0e+10,1.2e+10,9.9e+9,8.9e+9,1.0e+10,1.3e+10,1.3e+10,1.3e+10,1.5e+10,1.9e+10,2.6e+10,2.5e+10,2.4e+10,2.5e+10,2.0e+10,2.4e+10,2.9e+10,2.9e+10,2.9e+10,3.0e+10,3.0e+10,2.9e+10,3.1e+10,3.3e+10,3.3e+10
gm,,,,,,,,,,,9.5e+8,8.8e+8,8.9e+8,9.4e+8,1.1e+9,1.2e+9,1.2e+9,1.2e+9,1.2e+9,1.3e+9,1.4e+9,1.4e+9,1.4e+9,1.6e+9,1.7e+9,1.8e+9,1.7e+9,1.8e+9,1.9e+9,1.8e+9,1.8e+9,2.1e+9,2.3e+9,2.2e+9,2.3e+9,2.3e+9,2.4e+9,2.4e+9,2.5e+9,2.6e+9,2.7e+9,2.8e+9,2.9e+9,3.0e+9,3.0e+9,3.0e+9,3.1e+9,3.2e+9,3.3e+9,3.5e+9,3.7e+9,3.8e+9,3.6e+9,3.8e+9,4.5e+9,4.7e+9,4.4e+9,4.5e+9,4.5e+9,4.7e+9,5.0e+9,4.4e+9,4.5e+9,4.4e+9,4.1e+9,4.3e+9,4.3e+9,4.3e+9,4.9e+9,5.1e+9
ge,,,,,,,,,,,,,,,,,,,,,,,,,,,,,,,,,,,,,,,,,6.5e+10,5.5e+10,2.4e+10,1.4e+10,1.3e+10,1.3e+10,1.4e+10,1.6e+10,1.5e+10,1.6e+10,1.6e+10,1.6e+10,1.8e+10,1.9e+10,2.1e+10,2.3e+10,2.6e+10,2.9e+10,3.1e+10,3.2e+10,3.3e+10,3.6e+10,3.8e+10,4.1e+10,4.3e+10,4.5e+10,4.7e+10,5.1e+10,5.3e+10,5.9e+10
de,3.5e+11,3.9e+11,4.3e+11,4.7e+11,5.1e+11,5.7e+11,6.2e+11,6.6e+11,6.8e+11,7.4e+11,8.2e+11,8.5e+11,8.9e+11,9.0e+11,9.7e+11,1.0e+12,1.1e+12,1.0e+12,1.1e+12,1.2e+12,1.3e+12,1.3e+12,1.4e+12,1.5e+12,1.5e+12,1.5e+12,1.5e+12,1.6e+12,1.7e+12,1.7e+12,1.7e+12,1.7e+12,1.6e+12,1.7e+12,1.7e+12,1.7e+12,1.8e+12,1.9e+12,2.0e+12,2.1e+12,2.2e+12,2.3e+12,2.4e+12,2.4e+12,2.5e+12,2.6e+12,2.7e+12,2.8e+12,2.9e+12,3.0e+12,3.0e+12,3.1e+12,3.0e+12,3.0e+12,3.1e+12,3.1e+12,3.3e+12,3.4e+12,3.5e+12,3.4e+12,3.5e+12,3.7e+12,3.7e+12,3.7e+12,3.8e+12,3.9e+12,4.0e+12,4.2e+12,4.3e+12,4.3e+12
gh,,,,,,2.3e+10,2.3e+10,2.3e+10,2.5e+10,2.8e+10,3.0e+10,2.9e+10,3.0e+10,3.2e+10,3.5e+10,3.4e+10,3.4e+10,3.2e+10,3.3e+10,3.5e+10,3.9e+10,4.0e+10,3.5e+10,3.9e+10,4.4e+10,3.9e+10,3.5e+10,4.1e+10,4.1e+10,3.9e+10,3.9e+10,3.7e+10,3.1e+10,3.1e+10,3.4e+10,3.6e+10,3.7e+10,3.8e+10,4.2e+10,4.2e+10,4.3e+10,4.7e+10,4.5e+10,4.3e+10,4.6e+10,4.8e+10,4.9e+10,5.1e+10,5.2e+10,5.5e+10,6.2e+10,5.8e+10,6.0e+10,6.5e+10,6.9e+10,7.0e+10,7.4e+10,8.8e+10,9.7e+10,9.6e+10,1.1e+11,1.3e+11,1.4e+11,1.5e+11,1.5e+11,1.5e+11,1.4e+11,1.5e+11,1.6e+11,1.7e+11
gr,,2.8e+10,2.7e+10,3.1e+10,3.1e+10,3.4e+10,3.7e+10,3.9e+10,4.1e+10,4.3e+10,4.4e+10,5.0e+10,4.9e+10,5.5e+10,5.9e+10,6.6e+10,7.1e+10,7.5e+10,8.0e+10,9.0e+10,9.8e+10,1.1e+11,1.2e+11,1.2e+11,1.2e+11,1.2e+11,1.3e+11,1.3e+11,1.4e+11,1.5e+11,1.5e+11,1.5e+11,1.4e+11,1.4e+11,1.5e+11,1.5e+11,1.6e+11,1.6e+11,1.7e+11,1.8e+11,1.8e+11,1.9e+11,2.0e+11,2.0e+11,2.1e+11,2.2e+11,2.3e+11,2.5e+11,2.7e+11,2.7e+11,2.8e+11,2.9e+11,3.1e+11,3.2e+11,3.4e+11,3.4e+11,3.7e+11,3.8e+11,3.9e+11,3.8e+11,3.5e+11,3.1e+11,3.0e+11,2.9e+11,2.9e+11,2.9e+11,2.9e+11,3.0e+11,3.0e+11,3.0e+11
gd,,,,,,,,,,,,,,,,,,,,,1.8e+8,1.9e+8,2.1e+8,2.2e+8,2.4e+8,2.6e+8,2.8e+8,2.8e+8,3.0e+8,3.1e+8,2.8e+8,2.7e+8,2.9e+8,3.0e+8,3.3e+8,3.5e+8,3.5e+8,4.0e+8,4.1e+8,4.6e+8,4.9e+8,4.9e+8,5.7e+8,5.7e+8,6.0e+8,6.1e+8,6.8e+8,6.9e+8,7.6e+8,8.0e+8,8.2e+8,8.3e+8,8.6e+8,9.4e+8,9.6e+8,1.1e+9,1.1e+9,1.2e+9,1.2e+9,1.2e+9,1.2e+9,1.2e+9,1.3e+9,1.3e+9,1.4e+9,1.6e+9,1.6e+9,1.7e+9,1.8e+9,1.8e+9
gt,7.7e+9,7.8e+9,8.0e+9,8.3e+9,8.6e+9,8.7e+9,9.4e+9,9.8e+9,1.0e+10,1.1e+10,1.1e+10,1.1e+10,1.2e+10,1.3e+10,1.3e+10,1.4e+10,1.4e+10,1.5e+10,1.6e+10,1.7e+10,1.8e+10,1.9e+10,2.0e+10,2.1e+10,2.2e+10,2.2e+10,2.4e+10,2.7e+10,2.7e+10,2.8e+10,2.9e+10,2.9e+10,2.9e+10,2.9e+10,3.0e+10,2.9e+10,3.1e+10,3.1e+10,3.2e+10,3.4e+10,3.5e+10,3.8e+10,3.9e+10,4.1e+10,4.4e+10,4.7e+10,4.8e+10,5.1e+10,5.5e+10,5.7e+10,6.0e+10,6.2e+10,6.5e+10,6.8e+10,7.0e+10,7.3e+10,7.8e+10,8.5e+10,8.9e+10,9.4e+10,9.8e+10,1.1e+11,1.1e+11,1.1e+11,1.2e+11,1.3e+11,1.3e+11,1.3e+11,1.3e+11,1.4e+11
gn,,,,,,,,,,9.9e+9,1.1e+10,1.1e+10,1.2e+10,1.3e+10,1.2e+10,1.2e+10,1.2e+10,1.2e+10,1.2e+10,1.2e+10,1.2e+10,1.2e+10,1.3e+10,1.3e+10,1.4e+10,1.4e+10,1.5e+10,1.5e+10,1.5e+10,1.5e+10,1.6e+10,1.6e+10,1.6e+10,1.6e+10,1.6e+10,1.7e+10,1.8e+10,1.8e+10,1.9e+10,2.0e+10,2.0e+10,2.1e+10,2.1e+10,2.2e+10,2.3e+10,2.4e+10,2.7e+10,2.5e+10,2.5e+10,2.3e+10,2.2e+10,2.0e+10,1.9e+10,1.7e+10,1.7e+10,1.6e+10,1.7e+10,1.7e+10,1.8e+10,1.7e+10,1.9e+10,2.0e+10,2.1e+10,2.1e+10,2.1e+10,2.2e+10,2.3e+10,2.9e+10,2.7e+10,2.9e+10
gw,,,,,,,,,,,7.0e+8,7.1e+8,7.1e+8,7.8e+8,8.1e+8,8.3e+8,7.5e+8,8.5e+8,8.9e+8,9.9e+8,1.1e+9,1.0e+9,1.1e+9,1.1e+9,1.2e+9,1.3e+9,1.4e+9,1.2e+9,1.4e+9,1.4e+9,1.3e+9,1.2e+9,1.2e+9,1.2e+9,1.2e+9,1.1e+9,1.3e+9,1.4e+9,1.4e+9,1.5e+9,1.6e+9,1.6e+9,1.4e+9,1.6e+9,1.8e+9,1.8e+9,1.8e+9,2.1e+9,1.8e+9,2.1e+9,2.1e+9,2.1e+9,2.1e+9,2.0e+9,2.1e+9,2.1e+9,2.0e+9,2.1e+9,2.1e+9,2.0e+9,2.1e+9,2.4e+9,2.3e+9,2.4e+9,2.4e+9,2.9e+9,3.2e+9,3.5e+9,3.4e+9,3.3e+9
gy,,,,,,,,,,,,,,,,,,,,,2.5e+9,2.6e+9,2.5e+9,2.6e+9,2.8e+9,3.1e+9,3.2e+9,3.1e+9,3.0e+9,3.0e+9,3.1e+9,3.1e+9,2.7e+9,2.5e+9,2.4e+9,2.4e+9,2.5e+9,2.5e+9,2.3e+9,2.2e+9,2.1e+9,2.3e+9,2.5e+9,2.7e+9,2.9e+9,3.0e+9,3.3e+9,3.5e+9,3.4e+9,3.5e+9,3.5e+9,3.9e+9,4.2e+9,4.6e+9,5.1e+9,5.4e+9,6.1e+9,6.6e+9,6.7e+9,6.9e+9,7.2e+9,7.6e+9,8.0e+9,8.4e+9,8.2e+9,8.7e+9,8.8e+9,9.5e+9,1.0e+10,1.0e+10
ht,,,,,,,,,,,5.1e+9,4.7e+9,5.2e+9,5.2e+9,5.2e+9,5.2e+9,5.3e+9,5.2e+9,5.4e+9,5.5e+9,5.8e+9,5.9e+9,6.0e+9,6.4e+9,6.9e+9,7.0e+9,8.2e+9,8.4e+9,8.6e+9,9.1e+9,9.7e+9,9.1e+9,8.8e+9,9.1e+9,9.5e+9,9.7e+9,1.0e+10,9.9e+9,1.0e+10,9.4e+9,9.5e+9,9.5e+9,9.2e+9,8.6e+9,7.9e+9,1.0e+10,1.2e+10,1.3e+10,1.3e+10,1.4e+10,1.6e+10,1.6e+10,1.6e+10,1.5e+10,1.5e+10,1.5e+10,1.5e+10,1.7e+10,1.6e+10,1.7e+10,1.6e+10,1.6e+10,1.7e+10,1.7e+10,1.8e+10,1.9e+10,1.9e+10,1.7e+10,1.7e+10,1.7e+10
hn,3.3e+9,3.4e+9,3.5e+9,3.8e+9,3.5e+9,3.5e+9,4.0e+9,4.0e+9,4.2e+9,4.3e+9,4.3e+9,4.5e+9,4.8e+9,4.9e+9,5.3e+9,5.7e+9,5.9e+9,6.1e+9,6.6e+9,6.5e+9,6.6e+9,6.7e+9,7.1e+9,7.7e+9,7.3e+9,7.5e+9,8.9e+9,1.0e+10,1.1e+10,1.1e+10,1.1e+10,1.1e+10,1.1e+10,1.1e+10,1.2e+10,1.2e+10,1.3e+10,1.4e+10,1.5e+10,1.5e+10,1.5e+10,1.6e+10,1.7e+10,1.7e+10,1.7e+10,1.9e+10,1.9e+10,2.0e+10,2.1e+10,2.0e+10,2.2e+10,2.2e+10,2.3e+10,2.4e+10,2.5e+10,2.7e+10,2.9e+10,3.0e+10,3.1e+10,3.1e+10,3.3e+10,3.5e+10,3.8e+10,3.7e+10,4.0e+10,4.5e+10,4.8e+10,5.0e+10,5.1e+10,5.2e+10
hk,,,,,,,,,,,1.2e+10,1.3e+10,1.5e+10,1.8e+10,1.9e+10,2.3e+10,2.4e+10,2.5e+10,2.7e+10,3.0e+10,3.2e+10,3.6e+10,4.0e+10,4.5e+10,4.4e+10,4.6e+10,5.4e+10,6.0e+10,6.5e+10,7.2e+10,8.1e+10,8.5e+10,8.8e+10,9.2e+10,1.0e+11,1.1e+11,1.1e+11,1.3e+11,1.4e+11,1.4e+11,1.5e+11,1.6e+11,1.8e+11,1.9e+11,2.0e+11,2.1e+11,2.3e+11,2.4e+11,2.3e+11,2.4e+11,2.6e+11,2.6e+11,2.7e+11,2.8e+11,3.0e+11,3.2e+11,3.4e+11,3.6e+11,3.6e+11,3.5e+11,3.7e+11,3.8e+11,4.0e+11,4.0e+11,4.1e+11,4.1e+11,4.1e+11,4.3e+11,4.5e+11,4.4e+11
hu,,,,,,,,,,,,,,,,,,,,,6.3e+10,6.6e+10,7.0e+10,7.4e+10,7.4e+10,7.6e+10,8.4e+10,9.4e+10,1.0e+11,1.1e+11,1.2e+11,1.3e+11,1.3e+11,1.3e+11,1.3e+11,1.2e+11,1.3e+11,1.4e+11,1.4e+11,1.4e+11,1.4e+11,1.3e+11,1.3e+11,1.4e+11,1.4e+11,1.5e+11,1.5e+11,1.6e+11,1.6e+11,1.6e+11,1.7e+11,1.8e+11,1.9e+11,2.0e+11,2.0e+11,2.1e+11,2.2e+11,2.3e+11,2.4e+11,2.4e+11,2.5e+11,2.5e+11,2.5e+11,2.6e+11,2.7e+11,2.8e+11,2.8e+11,3.0e+11,3.1e+11,3.2e+11
is,1.3e+9,1.2e+9,1.2e+9,1.4e+9,1.6e+9,1.9e+9,1.8e+9,1.9e+9,2.1e+9,2.2e+9,2.1e+9,2.3e+9,2.3e+9,2.6e+9,3.0e+9,3.4e+9,3.6e+9,3.6e+9,3.2e+9,3.3e+9,3.6e+9,4.5e+9,4.4e+9,5.1e+9,5.4e+9,5.2e+9,5.3e+9,6.1e+9,6.4e+9,6.5e+9,6.8e+9,7.2e+9,7.4e+9,6.6e+9,7.3e+9,7.3e+9,7.7e+9,8.7e+9,8.9e+9,8.6e+9,8.5e+9,8.8e+9,8.4e+9,8.4e+9,8.6e+9,8.8e+9,9.1e+9,1.0e+10,1.1e+10,1.2e+10,1.2e+10,1.2e+10,1.2e+10,1.2e+10,1.3e+10,1.4e+10,1.5e+10,1.6e+10,1.8e+10,1.5e+10,1.4e+10,1.4e+10,1.5e+10,1.5e+10,1.5e+10,1.7e+10,1.8e+10,1.9e+10,2.0e+10,2.0e+10
in,3.5e+11,3.6e+11,3.7e+11,3.9e+11,4.1e+11,4.2e+11,4.4e+11,4.4e+11,4.7e+11,4.8e+11,5.1e+11,5.3e+11,5.5e+11,5.9e+11,6.4e+11,6.2e+11,6.2e+11,6.7e+11,7.0e+11,7.8e+11,7.9e+11,8.3e+11,8.6e+11,9.1e+11,8.9e+11,9.8e+11,9.7e+11,9.7e+11,9.5e+11,8.8e+11,8.9e+11,8.9e+11,8.7e+11,9.0e+11,9.0e+11,9.1e+11,9.6e+11,1.0e+12,1.1e+12,1.2e+12,1.2e+12,1.3e+12,1.3e+12,1.4e+12,1.5e+12,1.6e+12,1.8e+12,1.8e+12,2.0e+12,2.1e+12,2.2e+12,2.4e+12,2.5e+12,2.7e+12,2.9e+12,3.3e+12,3.7e+12,4.1e+12,4.3e+12,4.7e+12,5.4e+12,5.8e+12,6.2e+12,6.5e+12,6.7e+12,7.2e+12,7.6e+12,8.1e+12,8.6e+12,8.9e+12
id,,,,,,,,,,,9.7e+10,9.9e+10,1.1e+11,1.0e+11,1.1e+11,1.0e+11,9.9e+10,1.0e+11,1.1e+11,1.1e+11,1.2e+11,1.3e+11,1.5e+11,1.7e+11,2.0e+11,2.0e+11,2.2e+11,2.4e+11,2.6e+11,3.1e+11,3.6e+11,3.9e+11,4.0e+11,4.3e+11,4.5e+11,4.7e+11,4.7e+11,4.9e+11,5.1e+11,5.6e+11,6.3e+11,6.8e+11,7.4e+11,7.9e+11,8.4e+11,9.1e+11,1.0e+12,1.0e+12,9.5e+11,9.1e+11,8.7e+11,8.9e+11,8.8e+11,8.8e+11,9.6e+11,1.0e+12,1.2e+12,1.3e+12,1.5e+12,1.7e+12,2.0e+12,2.4e+12,2.5e+12,2.6e+12,2.6e+12,2.7e+12,2.7e+12,2.8e+12,3.0e+12,3.1e+12
ir,,,,,,4.0e+10,4.3e+10,4.8e+10,5.3e+10,6.0e+10,6.0e+10,6.2e+10,6.5e+10,6.7e+10,6.9e+10,7.7e+10,8.3e+10,9.2e+10,1.0e+11,1.1e+11,1.2e+11,1.3e+11,1.5e+11,1.8e+11,2.7e+11,2.8e+11,3.0e+11,2.7e+11,2.4e+11,2.3e+11,1.6e+11,1.5e+11,1.7e+11,1.7e+11,1.6e+11,1.6e+11,1.5e+11,1.5e+11,1.4e+11,1.6e+11,1.9e+11,2.2e+11,2.4e+11,2.9e+11,3.2e+11,3.3e+11,4.1e+11,4.3e+11,4.3e+11,5.0e+11,5.5e+11,6.2e+11,7.1e+11,7.9e+11,9.0e+11,1.1e+12,1.1e+12,1.3e+12,1.3e+12,1.3e+12,1.4e+12,1.5e+12,1.3e+12,1.2e+12,1.2e+12,1.1e+12,1.1e+12,1.1e+12,1.1e+12,1.1e+12
iq,,,,,,,,,,,,,,,,,,,,,5.0e+10,5.4e+10,5.2e+10,6.3e+10,7.0e+10,8.0e+10,9.5e+10,9.6e+10,1.1e+11,1.4e+11,1.5e+11,1.2e+11,1.2e+11,1.1e+11,1.1e+11,1.1e+11,1.1e+11,1.4e+11,1.4e+11,1.3e+11,1.3e+11,4.3e+10,5.4e+10,8.1e+10,7.6e+10,6.2e+10,9.3e+10,1.1e+11,1.5e+11,1.8e+11,1.8e+11,1.9e+11,1.7e+11,1.1e+11,1.8e+11,1.8e+11,2.0e+11,2.3e+11,2.7e+11,3.2e+11,3.8e+11,4.8e+11,5.6e+11,5.7e+11,5.1e+11,3.6e+11,3.5e+11,4.3e+11,4.3e+11,4.5e+11
ie,1.6e+10,1.6e+10,1.7e+10,1.8e+10,1.8e+10,1.8e+10,1.8e+10,1.8e+10,1.8e+10,1.9e+10,2.0e+10,2.1e+10,2.1e+10,2.2e+10,2.3e+10,2.4e+10,2.4e+10,2.6e+10,2.8e+10,2.9e+10,3.0e+10,3.1e+10,3.4e+10,3.7e+10,3.5e+10,3.6e+10,3.8e+10,4.2e+10,4.6e+10,4.8e+10,4.9e+10,4.9e+10,5.1e+10,5.1e+10,5.2e+10,5.2e+10,5.4e+10,5.6e+10,5.9e+10,6.4e+10,6.9e+10,7.0e+10,7.2e+10,7.6e+10,8.2e+10,9.2e+10,1.0e+11,1.1e+11,1.3e+11,1.4e+11,1.5e+11,1.6e+11,1.7e+11,1.7e+11,1.8e+11,2.0e+11,2.2e+11,2.4e+11,2.2e+11,2.1e+11,2.2e+11,2.2e+11,2.3e+11,2.3e+11,2.5e+11,3.5e+11,3.8e+11,4.1e+11,4.4e+11,5.0e+11
il,8.5e+9,1.1e+10,9.8e+9,9.8e+9,1.1e+10,1.3e+10,1.4e+10,1.5e+10,1.7e+10,1.9e+10,2.0e+10,2.2e+10,2.4e+10,2.6e+10,2.9e+10,2.9e+10,3.2e+10,3.2e+10,3.3e+10,3.8e+10,4.2e+10,4.7e+10,5.2e+10,5.6e+10,5.9e+10,6.0e+10,6.1e+10,6.1e+10,6.3e+10,6.5e+10,6.6e+10,7.0e+10,7.3e+10,7.8e+10,7.8e+10,8.0e+10,8.5e+10,9.2e+10,9.6e+10,9.5e+10,1.0e+11,1.2e+11,1.3e+11,1.3e+11,1.4e+11,1.6e+11,1.7e+11,1.8e+11,1.9e+11,2.0e+11,2.2e+11,2.2e+11,2.2e+11,2.1e+11,2.1e+11,2.1e+11,2.2e+11,2.2e+11,2.2e+11,2.3e+11,2.5e+11,2.6e+11,2.8e+11,2.9e+11,2.9e+11,3.1e+11,3.3e+11,3.4e+11,3.5e+11,3.6e+11
it,2.2e+11,2.4e+11,2.5e+11,2.7e+11,2.8e+11,3.0e+11,3.1e+11,3.3e+11,3.4e+11,3.7e+11,3.9e+11,4.3e+11,4.5e+11,4.8e+11,4.9e+11,5.0e+11,5.3e+11,5.7e+11,6.1e+11,6.4e+11,7.4e+11,7.5e+11,7.9e+11,8.5e+11,8.8e+11,8.8e+11,9.6e+11,1.0e+12,1.1e+12,1.2e+12,1.2e+12,1.2e+12,1.2e+12,1.2e+12,1.2e+12,1.2e+12,1.3e+12,1.4e+12,1.4e+12,1.5e+12,1.6e+12,1.6e+12,1.6e+12,1.6e+12,1.7e+12,1.8e+12,1.8e+12,1.9e+12,2.0e+12,2.0e+12,2.1e+12,2.1e+12,2.1e+12,2.1e+12,2.1e+12,2.1e+12,2.2e+12,2.3e+12,2.4e+12,2.3e+12,2.3e+12,2.4e+12,2.3e+12,2.3e+12,2.2e+12,2.3e+12,2.4e+12,2.5e+12,2.5e+12,2.5e+12
jm,,,,5.1e+9,5.8e+9,6.3e+9,6.8e+9,7.9e+9,8.0e+9,8.2e+9,8.8e+9,9.2e+9,9.1e+9,1.0e+10,1.0e+10,1.1e+10,1.1e+10,1.1e+10,1.1e+10,1.2e+10,1.3e+10,1.4e+10,1.5e+10,1.5e+10,1.5e+10,1.5e+10,1.4e+10,1.3e+10,1.3e+10,1.2e+10,1.0e+10,9.8e+9,9.8e+9,1.0e+10,1.0e+10,9.5e+9,1.0e+10,1.1e+10,1.2e+10,1.2e+10,1.3e+10,1.3e+10,1.4e+10,1.4e+10,1.4e+10,1.5e+10,1.5e+10,1.5e+10,1.6e+10,1.6e+10,1.6e+10,1.7e+10,1.7e+10,1.8e+10,1.9e+10,2.0e+10,2.1e+10,2.2e+10,2.1e+10,2.1e+10,2.2e+10,2.3e+10,2.3e+10,2.3e+10,2.3e+10,2.4e+10,2.5e+10,2.6e+10,2.6e+10,2.6e+10
jp,2.4e+11,2.7e+11,3.0e+11,3.1e+11,3.3e+11,3.6e+11,3.8e+11,4.1e+11,4.4e+11,4.9e+11,5.5e+11,6.1e+11,6.7e+11,7.3e+11,8.1e+11,8.7e+11,9.5e+11,1.1e+12,1.2e+12,1.3e+12,1.5e+12,1.6e+12,1.7e+12,1.8e+12,1.8e+12,1.9e+12,2.0e+12,2.1e+12,2.3e+12,2.4e+12,2.5e+12,2.5e+12,2.4e+12,2.4e+12,2.4e+12,2.4e+12,2.6e+12,2.8e+12,3.1e+12,3.3e+12,3.6e+12,3.8e+12,3.9e+12,4.0e+12,4.1e+12,4.4e+12,4.7e+12,4.7e+12,4.6e+12,4.6e+12,4.7e+12,4.7e+12,4.7e+12,4.8e+12,4.9e+12,4.9e+12,5.0e+12,5.1e+12,5.0e+12,4.8e+12,5.0e+12,4.9e+12,5.0e+12,5.0e+12,5.0e+12,5.1e+12,5.0e+12,5.0e+12,5.0e+12,5.0e+12
jo,,,,,1.5e+9,1.3e+9,1.8e+9,1.9e+9,2.2e+9,2.5e+9,2.8e+9,3.2e+9,3.3e+9,3.5e+9,4.1e+9,4.5e+9,4.6e+9,5.4e+9,5.8e+9,5.6e+9,5.0e+9,5.0e+9,5.3e+9,5.0e+9,5.0e+9,4.8e+9,5.6e+9,6.1e+9,7.5e+9,8.7e+9,1.0e+10,1.0e+10,1.0e+10,1.1e+10,1.2e+10,1.2e+10,1.3e+10,1.5e+10,1.5e+10,1.5e+10,1.2e+10,1.3e+10,1.4e+10,1.4e+10,1.5e+10,1.6e+10,1.7e+10,1.8e+10,1.9e+10,1.9e+10,2.0e+10,2.2e+10,2.3e+10,2.5e+10,2.9e+10,3.2e+10,3.9e+10,4.4e+10,5.4e+10,6.6e+10,7.0e+10,7.7e+10,8.1e+10,8.3e+10,8.4e+10,8.9e+10,9.1e+10,9.6e+10,1.0e+11,1.0e+11
kz,,,,,,,,,,,,,,,,,,,,,,,,,,,,,,,,,,,,,,,,,2.0e+11,2.0e+11,2.1e+11,1.5e+11,1.2e+11,1.0e+11,1.0e+11,9.6e+10,8.8e+10,8.8e+10,1.0e+11,1.1e+11,1.2e+11,1.3e+11,1.5e+11,1.7e+11,2.1e+11,2.4e+11,2.8e+11,2.7e+11,3.3e+11,4.0e+11,4.1e+11,4.3e+11,4.6e+11,4.1e+11,4.1e+11,4.8e+11,5.0e+11,5.3e+11
ke,1.0e+10,1.2e+10,1.1e+10,1.1e+10,1.2e+10,1.3e+10,1.4e+10,1.4e+10,1.4e+10,1.4e+10,1.5e+10,1.5e+10,1.7e+10,1.7e+10,1.8e+10,1.9e+10,2.1e+10,2.2e+10,2.2e+10,2.3e+10,2.2e+10,2.4e+10,2.6e+10,2.6e+10,2.9e+10,2.8e+10,2.9e+10,3.4e+10,3.6e+10,3.5e+10,3.6e+10,3.6e+10,3.7e+10,3.9e+10,4.2e+10,4.4e+10,4.7e+10,4.7e+10,5.0e+10,5.1e+10,5.2e+10,5.4e+10,5.4e+10,5.7e+10,6.5e+10,6.2e+10,6.5e+10,6.5e+10,6.7e+10,6.7e+10,6.6e+10,6.6e+10,6.6e+10,6.7e+10,6.9e+10,7.2e+10,7.9e+10,8.5e+10,8.8e+10,9.5e+10,1.0e+11,1.1e+11,1.2e+11,1.3e+11,1.4e+11,1.6e+11,1.8e+11,2.0e+11,2.1e+11,2.2e+11
kw,,,,,,,,,,,,,,,,,,,,,2.6e+10,3.3e+10,3.5e+10,3.5e+10,7.4e+10,6.3e+10,6.8e+10,6.9e+10,6.7e+10,9.5e+10,9.8e+10,8.1e+10,6.7e+10,6.8e+10,7.0e+10,6.6e+10,5.1e+10,6.1e+10,5.3e+10,6.2e+10,4.6e+10,2.7e+10,5.1e+10,6.8e+10,7.4e+10,7.4e+10,7.7e+10,7.8e+10,8.1e+10,7.9e+10,8.2e+10,7.6e+10,8.1e+10,9.8e+10,1.2e+11,1.6e+11,2.0e+11,2.1e+11,2.5e+11,1.9e+11,2.1e+11,2.7e+11,2.9e+11,2.9e+11,2.7e+11,2.0e+11,1.9e+11,2.2e+11,2.5e+11,2.4e+11
kg,,,,,,,,,,,,,,,,,,,,,,,,,,,,,,,,,,,,,,,,,3.6e+10,3.6e+10,2.8e+10,2.4e+10,1.9e+10,1.5e+10,1.4e+10,1.2e+10,1.0e+10,1.1e+10,1.1e+10,1.1e+10,1.1e+10,1.2e+10,1.2e+10,1.2e+10,1.2e+10,1.4e+10,1.5e+10,1.6e+10,1.7e+10,2.0e+10,2.1e+10,2.2e+10,2.4e+10,2.4e+10,2.6e+10,3.0e+10,3.1e+10,3.2e+10
undefined,,,,,,,,,,,,,,,,,,,,,2.0e+9,2.1e+9,2.1e+9,2.3e+9,2.4e+9,2.6e+9,2.6e+9,2.6e+9,2.6e+9,2.5e+9,2.8e+9,3.2e+9,3.5e+9,3.7e+9,3.7e+9,4.1e+9,4.3e+9,4.4e+9,4.5e+9,5.0e+9,5.4e+9,5.6e+9,5.9e+9,6.3e+9,6.8e+9,7.3e+9,7.8e+9,8.3e+9,8.6e+9,9.6e+9,9.5e+9,1.2e+10,1.3e+10,1.3e+10,1.4e+10,1.4e+10,1.8e+10,2.0e+10,2.1e+10,2.4e+10,2.5e+10,2.9e+10,3.3e+10,3.7e+10,4.0e+10,4.2e+10,4.6e+10,4.9e+10,5.0e+10,5.3e+10
lv,,,,,,,,,,,,,,,,,,,,,,,,,,,,,,,,,,,,,,,,,4.5e+10,4.1e+10,2.9e+10,2.7e+10,2.4e+10,2.2e+10,2.2e+10,2.3e+10,2.4e+10,2.5e+10,2.6e+10,2.8e+10,3.0e+10,3.1e+10,3.3e+10,3.6e+10,4.0e+10,4.6e+10,4.8e+10,4.1e+10,4.2e+10,4.6e+10,4.8e+10,4.8e+10,4.9e+10,5.2e+10,5.3e+10,5.6e+10,5.8e+10,6.0e+10
lb,,,,,,,,,,,,,,,,,,,,,1.5e+10,1.6e+10,1.8e+10,1.9e+10,2.0e+10,1.4e+10,5.9e+9,1.1e+10,1.1e+10,1.2e+10,1.3e+10,1.3e+10,8.1e+9,1.1e+10,1.6e+10,1.8e+10,1.6e+10,1.9e+10,1.4e+10,8.3e+9,1.1e+10,1.6e+10,1.4e+10,1.5e+10,1.6e+10,1.7e+10,1.8e+10,1.9e+10,2.2e+10,2.4e+10,2.6e+10,2.9e+10,3.5e+10,3.9e+10,4.7e+10,5.5e+10,5.5e+10,6.0e+10,6.4e+10,7.7e+10,8.1e+10,7.7e+10,8.1e+10,8.6e+10,8.9e+10,9.6e+10,1.0e+11,1.0e+11,1.0e+11,1.0e+11
ls,,,,,,,,,,,7.2e+8,7.2e+8,8.3e+8,9.2e+8,1.0e+9,1.0e+9,1.0e+9,1.1e+9,1.2e+9,1.2e+9,1.2e+9,1.1e+9,1.3e+9,1.6e+9,1.6e+9,1.6e+9,1.6e+9,1.9e+9,2.3e+9,2.0e+9,1.9e+9,1.9e+9,1.9e+9,1.8e+9,1.8e+9,1.9e+9,1.8e+9,2.0e+9,2.2e+9,2.3e+9,2.4e+9,2.4e+9,2.5e+9,2.8e+9,2.9e+9,3.0e+9,3.3e+9,3.5e+9,3.3e+9,3.5e+9,3.6e+9,3.9e+9,4.0e+9,4.0e+9,4.2e+9,4.3e+9,4.4e+9,4.5e+9,4.9e+9,4.7e+9,4.9e+9,5.3e+9,5.2e+9,5.5e+9,5.8e+9,6.3e+9,6.1e+9,5.7e+9,5.5e+9,5.5e+9
lr,,,,,,,,,,,,,,,2.9e+9,2.9e+9,3.2e+9,3.4e+9,3.6e+9,4.1e+9,3.9e+9,4.1e+9,4.1e+9,4.5e+9,4.5e+9,4.3e+9,4.8e+9,4.7e+9,4.8e+9,4.8e+9,4.4e+9,3.8e+9,3.7e+9,3.7e+9,3.5e+9,3.5e+9,3.5e+9,3.6e+9,3.8e+9,3.9e+9,1.9e+9,1.7e+9,1.1e+9,7.3e+8,5.7e+8,5.4e+8,5.3e+8,1.1e+9,1.4e+9,1.7e+9,2.7e+9,2.6e+9,2.7e+9,1.9e+9,2.1e+9,2.2e+9,2.3e+9,2.7e+9,2.9e+9,2.9e+9,3.0e+9,3.2e+9,3.5e+9,3.8e+9,4.3e+9,5.3e+9,5.7e+9,6.2e+9,7.2e+9,6.1e+9
lt,,,,,,,,,,,,,,,,,,,,,,,,,,,,,,,,,,,,,,,,,5.4e+10,4.7e+10,3.9e+10,3.3e+10,3.2e+10,3.3e+10,3.5e+10,3.7e+10,3.9e+10,4.0e+10,4.2e+10,4.5e+10,4.8e+10,5.3e+10,5.5e+10,5.9e+10,6.4e+10,7.2e+10,7.5e+10,6.5e+10,7.0e+10,7.8e+10,8.2e+10,8.4e+10,8.6e+10,8.8e+10,9.0e+10,9.6e+10,9.8e+10,1.0e+11
lu,3.8e+9,4.7e+9,5.4e+9,4.7e+9,4.7e+9,5.0e+9,5.6e+9,5.8e+9,5.6e+9,5.6e+9,6.5e+9,6.5e+9,6.3e+9,6.4e+9,7.0e+9,7.1e+9,7.1e+9,7.3e+9,7.7e+9,8.8e+9,9.4e+9,9.0e+9,9.6e+9,1.1e+10,1.2e+10,1.0e+10,1.1e+10,1.0e+10,1.1e+10,1.2e+10,1.2e+10,1.2e+10,1.2e+10,1.2e+10,1.2e+10,1.2e+10,1.3e+10,1.4e+10,1.5e+10,1.7e+10,1.8e+10,1.9e+10,1.9e+10,2.1e+10,2.2e+10,2.2e+10,2.3e+10,2.5e+10,2.7e+10,3.0e+10,3.2e+10,3.2e+10,3.2e+10,3.3e+10,3.4e+10,3.7e+10,4.2e+10,4.5e+10,4.7e+10,4.4e+10,4.7e+10,5.3e+10,5.3e+10,5.3e+10,5.7e+10,6.0e+10,6.3e+10,6.6e+10,6.7e+10,7.0e+10
mo,,,,,,,,,,,,,,,,,,,,,1.8e+9,1.9e+9,2.1e+9,2.2e+9,2.4e+9,2.6e+9,2.8e+9,3.0e+9,3.2e+9,3.5e+9,3.8e+9,4.1e+9,4.3e+9,4.8e+9,5.3e+9,5.4e+9,5.9e+9,7.0e+9,7.8e+9,8.2e+9,9.1e+9,9.8e+9,1.2e+10,1.2e+10,1.3e+10,1.4e+10,1.4e+10,1.3e+10,1.3e+10,1.3e+10,1.3e+10,1.4e+10,1.5e+10,1.7e+10,2.2e+10,2.3e+10,2.8e+10,3.3e+10,3.6e+10,3.9e+10,5.1e+10,6.6e+10,7.2e+10,8.1e+10,8.0e+10,6.2e+10,6.1e+10,6.6e+10,7.0e+10,6.7e+10
mg,,,,,,,,,,,8.8e+9,9.2e+9,9.6e+9,9.7e+9,9.9e+9,9.7e+9,1.0e+10,1.1e+10,1.2e+10,1.2e+10,1.3e+10,1.3e+10,1.3e+10,1.3e+10,1.2e+10,1.2e+10,1.3e+10,1.3e+10,1.2e+10,1.3e+10,1.3e+10,1.3e+10,1.3e+10,1.4e+10,1.4e+10,1.5e+10,1.8e+10,1.7e+10,1.6e+10,1.6e+10,1.6e+10,1.5e+10,1.5e+10,1.5e+10,1.5e+10,1.5e+10,1.6e+10,1.7e+10,1.8e+10,1.9e+10,2.0e+10,2.1e+10,2.0e+10,2.2e+10,2.2e+10,2.4e+10,2.5e+10,2.7e+10,2.9e+10,2.9e+10,3.3e+10,3.6e+10,3.7e+10,3.7e+10,3.8e+10,3.9e+10,4.1e+10,4.1e+10,4.0e+10,4.0e+10
mw,,,,,2.4e+9,2.6e+9,2.8e+9,3.0e+9,3.1e+9,3.0e+9,3.2e+9,3.3e+9,3.4e+9,3.5e+9,3.5e+9,4.0e+9,4.5e+9,4.7e+9,4.8e+9,5.2e+9,5.4e+9,6.2e+9,6.8e+9,6.5e+9,6.9e+9,7.2e+9,7.4e+9,7.5e+9,7.7e+9,7.4e+9,7.6e+9,8.1e+9,8.5e+9,9.1e+9,1.0e+10,1.1e+10,1.0e+10,9.9e+9,9.3e+9,9.9e+9,9.7e+9,1.0e+10,9.4e+9,1.0e+10,1.1e+10,1.1e+10,1.1e+10,1.2e+10,1.1e+10,1.1e+10,1.0e+10,9.6e+9,1.1e+10,1.2e+10,1.3e+10,1.4e+10,1.5e+10,1.8e+10,1.9e+10,1.6e+10,1.6e+10,1.7e+10,1.6e+10,1.7e+10,1.7e+10,1.8e+10,1.7e+10,1.8e+10,1.9e+10,2.0e+10
my,,,,,,1.9e+10,2.0e+10,1.9e+10,1.8e+10,2.2e+10,2.4e+10,2.4e+10,2.5e+10,2.6e+10,2.8e+10,3.1e+10,3.2e+10,3.2e+10,3.3e+10,3.7e+10,3.8e+10,4.5e+10,4.7e+10,5.7e+10,6.2e+10,5.8e+10,7.0e+10,7.6e+10,8.1e+10,9.1e+10,9.9e+10,1.0e+11,1.1e+11,1.1e+11,1.3e+11,1.2e+11,1.1e+11,1.2e+11,1.3e+11,1.5e+11,1.6e+11,1.7e+11,1.9e+11,2.1e+11,2.3e+11,2.6e+11,2.9e+11,3.1e+11,2.9e+11,3.1e+11,3.4e+11,3.3e+11,3.5e+11,3.8e+11,4.2e+11,4.5e+11,4.8e+11,5.2e+11,5.8e+11,5.7e+11,6.1e+11,6.7e+11,7.1e+11,7.1e+11,7.4e+11,7.6e+11,7.8e+11,8.1e+11,8.5e+11,8.9e+11
mv,,,,,,,,,,,,,,,,,,,,,2.0e+8,2.1e+8,2.1e+8,2.1e+8,2.3e+8,2.2e+8,2.0e+8,2.2e+8,2.6e+8,3.2e+8,4.5e+8,4.7e+8,5.8e+8,5.3e+8,6.1e+8,6.9e+8,7.5e+8,8.2e+8,8.9e+8,9.7e+8,1.1e+9,1.2e+9,1.3e+9,1.4e+9,1.5e+9,1.5e+9,1.7e+9,1.8e+9,2.0e+9,2.1e+9,2.3e+9,2.4e+9,2.6e+9,2.9e+9,3.5e+9,3.2e+9,4.2e+9,4.8e+9,5.0e+9,4.7e+9,5.0e+9,5.7e+9,6.0e+9,6.5e+9,7.2e+9,7.7e+9,8.4e+9,9.0e+9,9.4e+9,1.0e+10
ml,,,,,,,,,,,3.1e+9,3.1e+9,3.1e+9,3.3e+9,2.7e+9,2.9e+9,3.0e+9,3.1e+9,3.5e+9,3.6e+9,3.9e+9,4.0e+9,3.5e+9,3.5e+9,3.4e+9,3.7e+9,4.3e+9,4.5e+9,4.4e+9,5.0e+9,4.8e+9,5.4e+9,5.9e+9,5.8e+9,5.8e+9,7.4e+9,7.7e+9,6.9e+9,6.0e+9,6.3e+9,6.1e+9,6.9e+9,6.4e+9,6.8e+9,6.8e+9,9.2e+9,1.1e+10,1.2e+10,1.3e+10,1.4e+10,1.4e+10,1.6e+10,1.7e+10,1.9e+10,1.7e+10,1.8e+10,2.1e+10,2.1e+10,2.3e+10,2.7e+10,2.8e+10,3.0e+10,3.0e+10,3.1e+10,3.3e+10,3.6e+10,3.9e+10,4.0e+10,4.4e+10,4.7e+10
mt,,,,,5.7e+8,5.7e+8,6.3e+8,6.5e+8,7.0e+8,7.2e+8,7.6e+8,7.8e+8,7.6e+8,7.6e+8,7.7e+8,8.2e+8,9.0e+8,9.6e+8,1.0e+9,1.2e+9,1.3e+9,1.3e+9,1.4e+9,1.5e+9,1.6e+9,2.2e+9,2.5e+9,2.7e+9,3.1e+9,3.3e+9,3.5e+9,3.7e+9,3.9e+9,3.8e+9,3.8e+9,3.9e+9,4.1e+9,4.2e+9,4.7e+9,5.1e+9,5.4e+9,5.7e+9,5.9e+9,6.1e+9,6.4e+9,6.8e+9,7.1e+9,7.9e+9,8.6e+9,9.2e+9,9.7e+9,9.6e+9,9.9e+9,1.0e+10,1.0e+10,1.1e+10,1.1e+10,1.2e+10,1.2e+10,1.2e+10,1.3e+10,1.3e+10,1.4e+10,1.4e+10,1.5e+10,1.7e+10,1.9e+10,2.0e+10,2.1e+10,2.2e+10
mr,,,,,,,,,,,2.0e+9,2.0e+9,2.3e+9,2.1e+9,3.0e+9,3.5e+9,3.5e+9,3.8e+9,4.4e+9,4.1e+9,4.7e+9,4.7e+9,4.9e+9,4.8e+9,5.4e+9,5.9e+9,6.4e+9,6.3e+9,5.6e+9,6.1e+9,6.0e+9,6.4e+9,6.0e+9,6.1e+9,6.0e+9,6.1e+9,6.2e+9,6.3e+9,6.5e+9,6.6e+9,6.5e+9,6.7e+9,7.0e+9,7.5e+9,7.9e+9,7.9e+9,8.6e+9,8.2e+9,8.5e+9,8.8e+9,8.4e+9,8.3e+9,8.8e+9,9.2e+9,9.2e+9,9.8e+9,1.3e+10,1.2e+10,1.2e+10,1.3e+10,1.4e+10,1.6e+10,1.6e+10,1.7e+10,1.6e+10,1.6e+10,1.8e+10,1.9e+10,2.0e+10,1.9e+10
mu,2.6e+9,2.7e+9,2.8e+9,2.8e+9,2.8e+9,2.9e+9,3.1e+9,3.2e+9,3.0e+9,3.2e+9,2.7e+9,3.2e+9,3.5e+9,4.2e+9,4.5e+9,4.0e+9,4.2e+9,4.3e+9,3.6e+9,3.7e+9,4.1e+9,4.2e+9,4.5e+9,4.7e+9,5.0e+9,4.9e+9,6.1e+9,6.2e+9,6.3e+9,6.4e+9,6.0e+9,6.0e+9,6.4e+9,6.7e+9,6.9e+9,7.3e+9,8.5e+9,9.7e+9,1.0e+10,1.0e+10,1.1e+10,1.2e+10,1.3e+10,1.4e+10,1.4e+10,1.6e+10,1.8e+10,1.8e+10,1.8e+10,1.8e+10,1.9e+10,1.8e+10,1.9e+10,1.8e+10,1.9e+10,1.8e+10,1.9e+10,2.0e+10,2.0e+10,2.0e+10,2.1e+10,2.3e+10,2.3e+10,2.4e+10,2.5e+10,2.6e+10,2.7e+10,2.8e+10,2.9e+10,2.9e+10
mx,1.4e+11,1.5e+11,1.6e+11,1.5e+11,1.7e+11,1.8e+11,2.0e+11,2.1e+11,2.2e+11,2.3e+11,2.4e+11,2.5e+11,2.6e+11,2.9e+11,3.2e+11,3.4e+11,3.6e+11,3.8e+11,4.1e+11,4.3e+11,4.6e+11,4.8e+11,5.2e+11,5.6e+11,6.0e+11,6.3e+11,6.7e+11,7.0e+11,7.6e+11,8.4e+11,9.4e+11,1.0e+12,1.0e+12,9.7e+11,9.8e+11,9.9e+11,9.3e+11,9.5e+11,9.3e+11,9.6e+11,1.0e+12,1.1e+12,1.1e+12,1.1e+12,1.2e+12,1.1e+12,1.2e+12,1.3e+12,1.3e+12,1.4e+12,1.5e+12,1.5e+12,1.5e+12,1.5e+12,1.6e+12,1.6e+12,1.7e+12,1.8e+12,1.8e+12,1.8e+12,1.9e+12,2.1e+12,2.2e+12,2.2e+12,2.2e+12,2.3e+12,2.4e+12,2.4e+12,2.5e+12,2.5e+12
md,,,,,,,,,,,,,,,,,,,,,,,,,,,,,,,,,,,,,,,,,2.9e+10,2.7e+10,1.6e+10,1.6e+10,1.3e+10,1.4e+10,1.3e+10,1.3e+10,1.1e+10,9.7e+9,9.8e+9,1.0e+10,1.1e+10,1.2e+10,1.3e+10,1.4e+10,1.5e+10,1.6e+10,1.7e+10,1.7e+10,1.9e+10,2.1e+10,2.4e+10,2.5e+10,2.6e+10,2.7e+10,2.9e+10,3.3e+10,3.4e+10,3.5e+10
mn,,,,,,,,,,,,,,,,,,,,,1.7e+9,1.8e+9,1.9e+9,2.1e+9,2.1e+9,2.3e+9,2.4e+9,2.6e+9,2.7e+9,2.8e+9,3.3e+9,3.0e+9,3.5e+9,4.0e+9,4.6e+9,4.6e+9,5.0e+9,5.4e+9,5.8e+9,5.7e+9,8.2e+9,6.0e+9,5.7e+9,4.7e+9,5.0e+9,6.6e+9,6.0e+9,6.3e+9,6.1e+9,6.4e+9,7.2e+9,7.9e+9,8.7e+9,9.7e+9,1.2e+10,1.4e+10,1.7e+10,1.9e+10,1.9e+10,1.8e+10,2.2e+10,2.6e+10,3.1e+10,3.2e+10,3.4e+10,3.4e+10,3.4e+10,3.5e+10,3.5e+10,4.1e+10
me,,,,,,,,,,,,,,,,,,,,,,,,,,,,,,,,,,,,,,,,,6.7e+9,6.0e+9,4.6e+9,2.9e+9,2.9e+9,3.4e+9,4.3e+9,4.6e+9,4.8e+9,4.4e+9,4.9e+9,5.3e+9,5.2e+9,5.3e+9,5.5e+9,5.8e+9,6.8e+9,8.3e+9,8.8e+9,8.8e+9,9.3e+9,9.6e+9,9.3e+9,9.5e+9,9.6e+9,1.0e+10,1.1e+10,1.1e+10,1.2e+10,1.3e+10
ms,,,,,,,,,,,,,,,,,,,,,1.2e+8,1.2e+8,1.3e+8,1.3e+8,1.3e+8,1.4e+8,1.3e+8,1.4e+8,1.4e+8,1.5e+8,1.7e+8,1.8e+8,1.9e+8,1.8e+8,1.9e+8,2.0e+8,2.1e+8,2.2e+8,2.5e+8,2.9e+8,3.4e+8,2.7e+8,2.7e+8,2.6e+8,2.7e+8,2.4e+8,1.9e+8,1.5e+8,1.3e+8,1.2e+8,1.1e+8,1.0e+8,1.1e+8,1.1e+8,1.1e+8,1.1e+8,1.1e+8,1.1e+8,1.1e+8,1.2e+8,1.1e+8,1.1e+8,1.1e+8,9.7e+7,9.6e+7,9.9e+7,1.0e+8,9.0e+7,9.4e+7,9.9e+7
ma,1.3e+10,1.4e+10,1.5e+10,1.5e+10,1.6e+10,1.6e+10,1.6e+10,1.6e+10,1.7e+10,1.8e+10,1.9e+10,2.3e+10,2.7e+10,3.1e+10,3.3e+10,3.3e+10,3.2e+10,3.3e+10,3.5e+10,3.9e+10,3.7e+10,3.9e+10,4.0e+10,4.1e+10,4.5e+10,4.7e+10,5.0e+10,5.2e+10,5.4e+10,5.8e+10,5.8e+10,5.8e+10,6.4e+10,6.9e+10,7.4e+10,8.1e+10,9.1e+10,9.4e+10,1.1e+11,1.1e+11,1.1e+11,1.2e+11,1.2e+11,1.2e+11,1.4e+11,1.4e+11,1.6e+11,1.5e+11,1.5e+11,1.4e+11,1.4e+11,1.4e+11,1.4e+11,1.5e+11,1.5e+11,1.4e+11,1.6e+11,1.6e+11,1.8e+11,2.0e+11,2.1e+11,2.3e+11,2.3e+11,2.4e+11,2.4e+11,2.5e+11,2.5e+11,2.6e+11,2.7e+11,2.8e+11
mz,,,,,,,,,,,4.5e+9,4.6e+9,5.0e+9,5.2e+9,5.4e+9,5.5e+9,5.6e+9,6.2e+9,6.6e+9,7.0e+9,7.0e+9,7.5e+9,7.9e+9,8.3e+9,8.8e+9,8.9e+9,9.5e+9,9.4e+9,9.6e+9,9.9e+9,1.0e+10,1.1e+10,1.0e+10,8.9e+9,9.6e+9,8.9e+9,9.3e+9,8.1e+9,7.8e+9,8.4e+9,8.4e+9,8.6e+9,7.5e+9,8.2e+9,8.8e+9,8.9e+9,1.0e+10,1.2e+10,1.3e+10,1.4e+10,1.4e+10,1.6e+10,1.7e+10,1.9e+10,2.0e+10,2.2e+10,2.4e+10,2.5e+10,2.6e+10,2.7e+10,2.6e+10,2.7e+10,2.8e+10,2.9e+10,3.1e+10,3.4e+10,3.4e+10,3.4e+10,3.3e+10,3.6e+10
mm,,,,,,,,,,,,,1.5e+10,1.7e+10,1.6e+10,1.7e+10,1.8e+10,1.6e+10,1.7e+10,1.8e+10,1.9e+10,2.0e+10,1.9e+10,2.1e+10,2.2e+10,2.3e+10,2.4e+10,2.4e+10,2.5e+10,2.7e+10,2.9e+10,3.0e+10,3.2e+10,3.4e+10,3.6e+10,3.6e+10,3.5e+10,3.2e+10,3.1e+10,3.1e+10,3.1e+10,3.2e+10,3.4e+10,3.6e+10,3.8e+10,4.0e+10,4.2e+10,4.3e+10,4.5e+10,4.8e+10,5.1e+10,5.7e+10,6.4e+10,7.3e+10,8.4e+10,9.7e+10,1.1e+11,1.2e+11,1.4e+11,1.6e+11,1.9e+11,2.0e+11,1.6e+11,2.3e+11,2.4e+11,2.4e+11,2.4e+11,2.5e+11,2.6e+11,2.6e+11
na,,,,,,,,,,,3.0e+9,3.0e+9,3.4e+9,3.7e+9,4.3e+9,4.5e+9,4.7e+9,4.6e+9,4.7e+9,5.0e+9,5.2e+9,5.4e+9,5.5e+9,5.8e+9,6.2e+9,6.3e+9,6.4e+9,6.5e+9,6.5e+9,6.7e+9,7.8e+9,7.0e+9,7.0e+9,6.7e+9,7.0e+9,7.8e+9,7.9e+9,7.6e+9,8.0e+9,8.3e+9,7.3e+9,7.7e+9,8.1e+9,8.2e+9,8.6e+9,8.8e+9,9.5e+9,9.8e+9,1.0e+10,1.1e+10,1.1e+10,1.2e+10,1.2e+10,1.2e+10,1.4e+10,1.4e+10,1.6e+10,1.7e+10,1.8e+10,1.9e+10,2.0e+10,2.1e+10,2.3e+10,2.3e+10,2.4e+10,2.5e+10,2.5e+10,2.5e+10,2.5e+10,2.5e+10
np,,,,,,,,,,,7.6e+9,7.6e+9,7.8e+9,7.8e+9,8.6e+9,8.5e+9,9.0e+9,8.9e+9,8.9e+9,9.3e+9,9.9e+9,9.7e+9,1.0e+10,9.9e+9,1.1e+10,1.1e+10,1.1e+10,1.1e+10,1.2e+10,1.2e+10,1.1e+10,1.3e+10,1.3e+10,1.3e+10,1.5e+10,1.5e+10,1.6e+10,1.7e+10,1.8e+10,1.9e+10,2.0e+10,2.1e+10,2.2e+10,2.4e+10,2.7e+10,2.8e+10,3.1e+10,3.0e+10,3.1e+10,3.1e+10,3.2e+10,3.4e+10,3.3e+10,3.3e+10,3.4e+10,3.5e+10,3.6e+10,3.9e+10,4.2e+10,4.6e+10,5.1e+10,5.5e+10,5.8e+10,6.0e+10,6.4e+10,6.8e+10,6.7e+10,7.9e+10,8.3e+10,8.9e+10
nl,8.4e+10,8.7e+10,9.6e+10,1.0e+11,1.1e+11,1.2e+11,1.2e+11,1.3e+11,1.3e+11,1.3e+11,1.4e+11,1.5e+11,1.6e+11,1.6e+11,1.8e+11,1.9e+11,2.0e+11,2.1e+11,2.3e+11,2.4e+11,2.5e+11,2.7e+11,2.8e+11,3.0e+11,3.1e+11,3.2e+11,3.3e+11,3.4e+11,3.5e+11,3.6e+11,3.7e+11,3.6e+11,3.5e+11,3.5e+11,3.6e+11,3.6e+11,3.7e+11,3.7e+11,3.9e+11,4.1e+11,4.3e+11,4.4e+11,4.5e+11,4.6e+11,4.7e+11,4.9e+11,5.2e+11,5.6e+11,6.1e+11,6.5e+11,6.9e+11,7.0e+11,7.0e+11,6.8e+11,7.0e+11,7.3e+11,7.7e+11,8.3e+11,8.6e+11,8.2e+11,8.3e+11,8.5e+11,8.5e+11,8.5e+11,8.3e+11,8.7e+11,8.8e+11,9.2e+11,9.4e+11,9.6e+11
nz,2.5e+10,2.3e+10,2.3e+10,2.4e+10,2.7e+10,2.8e+10,2.8e+10,2.9e+10,2.9e+10,3.1e+10,3.5e+10,3.7e+10,3.8e+10,4.1e+10,4.3e+10,4.6e+10,4.9e+10,4.6e+10,4.5e+10,5.0e+10,4.8e+10,5.2e+10,5.6e+10,6.1e+10,6.0e+10,5.7e+10,5.9e+10,5.7e+10,5.8e+10,5.7e+10,5.7e+10,5.9e+10,6.0e+10,6.3e+10,6.5e+10,6.6e+10,6.9e+10,7.2e+10,7.5e+10,7.7e+10,7.7e+10,7.6e+10,7.8e+10,8.4e+10,9.0e+10,9.5e+10,1.0e+11,1.0e+11,1.1e+11,1.1e+11,1.1e+11,1.2e+11,1.2e+11,1.3e+11,1.3e+11,1.3e+11,1.3e+11,1.4e+11,1.4e+11,1.4e+11,1.5e+11,1.6e+11,1.6e+11,1.7e+11,1.7e+11,1.7e+11,1.8e+11,1.9e+11,2.0e+11,2.0e+11
ni,4.7e+9,5.3e+9,6.1e+9,6.5e+9,6.9e+9,7.5e+9,7.5e+9,8.2e+9,8.3e+9,8.7e+9,8.4e+9,9.1e+9,1.0e+10,1.1e+10,1.3e+10,1.4e+10,1.4e+10,1.5e+10,1.6e+10,1.6e+10,1.7e+10,1.7e+10,1.8e+10,1.9e+10,2.2e+10,2.0e+10,2.3e+10,2.6e+10,2.2e+10,1.4e+10,1.8e+10,1.8e+10,1.8e+10,1.9e+10,1.9e+10,2.0e+10,1.9e+10,2.1e+10,1.4e+10,1.3e+10,1.4e+10,1.4e+10,1.4e+10,1.4e+10,1.5e+10,1.6e+10,1.6e+10,1.7e+10,1.8e+10,1.8e+10,1.9e+10,1.9e+10,2.0e+10,2.0e+10,2.0e+10,2.1e+10,2.2e+10,2.3e+10,2.4e+10,2.4e+10,2.5e+10,2.6e+10,2.7e+10,2.8e+10,3.0e+10,3.2e+10,3.5e+10,3.6e+10,3.4e+10,3.3e+10
ne,,,,,,,,,,,7.2e+9,7.6e+9,8.4e+9,9.2e+9,9.0e+9,9.3e+9,9.1e+9,9.3e+9,9.4e+9,8.6e+9,9.0e+9,9.4e+9,9.1e+9,7.7e+9,8.7e+9,7.7e+9,8.3e+9,9.2e+9,9.4e+9,1.1e+10,1.1e+10,1.1e+10,1.1e+10,1.1e+10,8.6e+9,9.3e+9,9.3e+9,9.3e+9,9.4e+9,9.2e+9,9.7e+9,9.7e+9,9.6e+9,9.6e+9,9.7e+9,1.0e+10,1.1e+10,1.1e+10,1.2e+10,1.2e+10,1.1e+10,1.2e+10,1.3e+10,1.3e+10,1.3e+10,1.4e+10,1.5e+10,1.5e+10,1.6e+10,1.6e+10,1.8e+10,1.9e+10,2.1e+10,2.1e+10,2.2e+10,2.3e+10,2.3e+10,2.4e+10,2.6e+10,2.7e+10
ng,5.6e+10,5.6e+10,5.7e+10,6.0e+10,6.8e+10,6.6e+10,6.3e+10,6.2e+10,6.6e+10,7.4e+10,8.4e+10,8.7e+10,9.1e+10,9.6e+10,9.6e+10,1.1e+11,1.1e+11,9.3e+10,9.3e+10,1.2e+11,1.6e+11,1.7e+11,1.8e+11,2.2e+11,2.5e+11,2.5e+11,2.7e+11,3.0e+11,3.2e+11,3.2e+11,3.4e+11,3.3e+11,2.8e+11,2.3e+11,2.0e+11,2.7e+11,1.5e+11,1.1e+11,9.1e+10,8.3e+10,8.0e+10,7.2e+10,6.9e+10,5.8e+10,4.8e+10,4.6e+10,4.8e+10,5.2e+10,5.3e+10,6.4e+10,9.1e+10,1.1e+11,1.5e+11,2.1e+11,2.8e+11,4.8e+11,5.6e+11,6.2e+11,6.3e+11,6.9e+11,7.9e+11,8.4e+11,8.8e+11,9.3e+11,9.8e+11,1.0e+12,9.8e+11,9.7e+11,1.0e+12,9.8e+11
mk,,,,,,,,,,,,,,,,,,,,,,,,,,,,,,,,,,,,,,,,,1.2e+10,1.3e+10,1.2e+10,1.1e+10,1.2e+10,1.2e+10,1.2e+10,1.3e+10,1.3e+10,1.4e+10,1.5e+10,1.6e+10,1.6e+10,1.7e+10,1.7e+10,1.9e+10,2.0e+10,2.1e+10,2.3e+10,2.4e+10,2.5e+10,2.6e+10,2.6e+10,2.7e+10,2.8e+10,3.0e+10,3.1e+10,3.2e+10,3.3e+10,3.4e+10
no,3.1e+10,3.3e+10,3.4e+10,3.5e+10,3.6e+10,3.8e+10,4.0e+10,4.2e+10,4.1e+10,4.2e+10,4.4e+10,4.7e+10,4.8e+10,4.9e+10,5.3e+10,5.6e+10,5.8e+10,6.3e+10,6.5e+10,6.7e+10,7.0e+10,7.4e+10,7.6e+10,8.1e+10,8.3e+10,8.5e+10,8.9e+10,9.1e+10,9.4e+10,1.0e+11,1.1e+11,1.1e+11,1.1e+11,1.1e+11,1.2e+11,1.2e+11,1.2e+11,1.2e+11,1.2e+11,1.2e+11,1.2e+11,1.2e+11,1.3e+11,1.3e+11,1.4e+11,1.4e+11,1.6e+11,1.7e+11,1.7e+11,1.8e+11,2.1e+11,2.1e+11,2.0e+11,2.0e+11,2.2e+11,2.5e+11,2.8e+11,2.9e+11,3.2e+11,2.9e+11,3.1e+11,3.2e+11,3.4e+11,3.4e+11,3.4e+11,3.2e+11,3.1e+11,3.3e+11,3.4e+11,3.4e+11
om,,,,,,,,,,,,,,,,,,,,,8.9e+9,6.3e+9,5.4e+9,4.5e+9,6.8e+9,7.8e+9,8.5e+9,1.0e+10,1.1e+10,1.3e+10,1.5e+10,1.7e+10,1.8e+10,1.9e+10,2.1e+10,2.3e+10,1.7e+10,1.8e+10,1.6e+10,1.8e+10,2.1e+10,2.1e+10,2.2e+10,2.3e+10,2.3e+10,2.5e+10,2.7e+10,2.9e+10,2.9e+10,3.4e+10,4.0e+10,4.3e+10,4.8e+10,5.3e+10,6.9e+10,7.4e+10,1.1e+11,1.2e+11,1.4e+11,1.2e+11,1.4e+11,1.6e+11,1.8e+11,1.8e+11,1.7e+11,1.4e+11,1.4e+11,1.4e+11,1.5e+11,1.5e+11
pk,5.0e+10,5.0e+10,4.9e+10,5.0e+10,5.1e+10,5.0e+10,5.3e+10,5.3e+10,5.3e+10,5.7e+10,5.7e+10,6.0e+10,6.3e+10,6.7e+10,7.2e+10,7.9e+10,8.9e+10,9.0e+10,9.6e+10,1.0e+11,1.1e+11,1.2e+11,1.2e+11,1.3e+11,1.3e+11,1.3e+11,1.4e+11,1.4e+11,1.5e+11,1.6e+11,1.7e+11,1.8e+11,1.9e+11,2.0e+11,2.1e+11,2.3e+11,2.4e+11,2.5e+11,2.7e+11,2.8e+11,2.9e+11,3.0e+11,3.1e+11,3.2e+11,3.3e+11,3.5e+11,3.7e+11,3.6e+11,3.9e+11,4.0e+11,4.1e+11,4.1e+11,4.3e+11,4.5e+11,4.8e+11,5.2e+11,5.7e+11,6.1e+11,6.3e+11,6.8e+11,7.3e+11,8.0e+11,8.1e+11,8.2e+11,8.5e+11,9.0e+11,9.1e+11,9.5e+11,1.0e+12,1.0e+12
ps,,,,,,,,,,,,,,,,,,,,,1.6e+9,1.8e+9,2.2e+9,2.1e+9,2.5e+9,2.6e+9,3.0e+9,2.9e+9,3.4e+9,3.3e+9,3.8e+9,3.5e+9,3.8e+9,3.7e+9,3.9e+9,3.9e+9,4.6e+9,4.5e+9,4.4e+9,4.5e+9,5.4e+9,5.1e+9,6.4e+9,7.1e+9,8.3e+9,8.8e+9,8.8e+9,1.0e+10,1.1e+10,1.2e+10,1.2e+10,1.1e+10,9.5e+9,1.1e+10,1.2e+10,1.4e+10,1.3e+10,1.3e+10,1.5e+10,1.7e+10,1.7e+10,1.9e+10,2.3e+10,2.3e+10,2.5e+10,2.7e+10,2.9e+10,2.9e+10,3.0e+10,3.0e+10
pa,2.1e+9,2.0e+9,2.2e+9,2.3e+9,2.5e+9,2.7e+9,2.8e+9,3.0e+9,3.1e+9,3.2e+9,3.4e+9,3.8e+9,4.1e+9,4.5e+9,4.7e+9,5.2e+9,5.6e+9,6.1e+9,6.6e+9,7.2e+9,8.4e+9,9.3e+9,9.9e+9,1.0e+10,1.0e+10,1.0e+10,1.0e+10,1.0e+10,1.2e+10,1.2e+10,1.3e+10,1.4e+10,1.4e+10,1.5e+10,1.5e+10,1.5e+10,1.6e+10,1.7e+10,1.6e+10,1.6e+10,1.6e+10,1.8e+10,2.0e+10,2.1e+10,2.2e+10,2.1e+10,2.3e+10,2.5e+10,2.7e+10,2.8e+10,2.9e+10,3.0e+10,3.2e+10,3.6e+10,3.8e+10,4.2e+10,4.6e+10,4.4e+10,4.9e+10,5.3e+10,5.7e+10,6.5e+10,7.2e+10,8.0e+10,8.8e+10,1.0e+11,1.1e+11,1.2e+11,1.2e+11,1.3e+11
py,,3.2e+9,3.2e+9,3.0e+9,3.3e+9,3.6e+9,3.6e+9,3.6e+9,3.8e+9,3.9e+9,3.9e+9,4.2e+9,4.3e+9,4.6e+9,4.7e+9,5.0e+9,5.1e+9,5.5e+9,5.8e+9,6.1e+9,6.6e+9,7.0e+9,7.5e+9,8.1e+9,8.5e+9,8.6e+9,9.6e+9,1.1e+10,1.2e+10,1.2e+10,1.4e+10,1.6e+10,1.6e+10,1.5e+10,1.6e+10,1.6e+10,1.6e+10,1.7e+10,1.8e+10,2.0e+10,2.1e+10,2.1e+10,2.2e+10,2.3e+10,2.4e+10,2.6e+10,2.7e+10,2.8e+10,2.8e+10,2.7e+10,2.6e+10,2.7e+10,3.5e+10,3.8e+10,3.9e+10,3.8e+10,4.1e+10,4.6e+10,5.0e+10,5.4e+10,6.4e+10,7.1e+10,6.9e+10,7.6e+10,7.8e+10,7.8e+10,8.1e+10,8.4e+10,8.6e+10,8.5e+10
pe,1.8e+10,1.9e+10,1.9e+10,2.0e+10,2.2e+10,2.3e+10,2.4e+10,2.5e+10,2.5e+10,2.6e+10,2.9e+10,3.0e+10,3.3e+10,3.5e+10,3.8e+10,4.0e+10,4.3e+10,4.6e+10,4.7e+10,4.9e+10,5.3e+10,5.5e+10,5.6e+10,6.1e+10,6.6e+10,6.6e+10,6.8e+10,6.8e+10,6.7e+10,7.3e+10,7.7e+10,8.0e+10,8.0e+10,7.5e+10,8.0e+10,8.2e+10,9.0e+10,1.0e+11,9.6e+10,8.1e+10,8.2e+10,8.5e+10,8.7e+10,9.3e+10,1.1e+11,1.2e+11,1.3e+11,1.4e+11,1.4e+11,1.4e+11,1.4e+11,1.4e+11,1.5e+11,1.6e+11,1.7e+11,1.9e+11,2.2e+11,2.4e+11,2.6e+11,2.6e+11,3.0e+11,3.3e+11,3.4e+11,3.5e+11,3.5e+11,3.6e+11,3.7e+11,3.8e+11,4.0e+11,4.0e+11
ph,3.0e+10,3.1e+10,3.2e+10,3.7e+10,3.9e+10,4.2e+10,4.4e+10,4.7e+10,4.8e+10,5.3e+10,5.4e+10,5.6e+10,5.9e+10,6.3e+10,6.4e+10,6.7e+10,7.1e+10,7.3e+10,7.8e+10,8.3e+10,8.8e+10,9.3e+10,9.8e+10,1.1e+11,1.1e+11,1.2e+11,1.3e+11,1.3e+11,1.4e+11,1.5e+11,1.6e+11,1.7e+11,1.7e+11,1.7e+11,1.7e+11,1.6e+11,1.7e+11,1.8e+11,2.0e+11,2.2e+11,2.3e+11,2.4e+11,2.5e+11,2.7e+11,3.0e+11,3.3e+11,3.6e+11,3.6e+11,3.5e+11,3.5e+11,3.6e+11,3.5e+11,3.6e+11,3.6e+11,3.7e+11,3.8e+11,4.0e+11,4.4e+11,4.7e+11,4.9e+11,5.4e+11,5.8e+11,6.3e+11,6.6e+11,6.9e+11,7.2e+11,7.7e+11,8.1e+11,8.5e+11,8.9e+11
pl,,,,,,,,,,,,,,,,,,,,,1.9e+11,2.0e+11,2.1e+11,2.2e+11,2.4e+11,2.5e+11,2.6e+11,2.7e+11,2.7e+11,2.7e+11,2.4e+11,2.3e+11,2.3e+11,2.5e+11,2.7e+11,2.9e+11,3.1e+11,3.3e+11,3.5e+11,3.7e+11,3.4e+11,3.2e+11,3.4e+11,3.7e+11,4.0e+11,4.4e+11,4.7e+11,5.0e+11,5.3e+11,5.5e+11,5.6e+11,5.7e+11,5.9e+11,6.0e+11,6.3e+11,6.5e+11,6.9e+11,7.5e+11,7.9e+11,8.3e+11,9.0e+11,9.6e+11,9.9e+11,9.9e+11,1.0e+12,1.1e+12,1.1e+12,1.1e+12,1.2e+12,1.3e+12
pt,2.4e+10,2.6e+10,2.7e+10,2.9e+10,3.1e+10,3.2e+10,3.3e+10,3.4e+10,3.5e+10,3.7e+10,3.9e+10,4.2e+10,4.5e+10,4.8e+10,4.9e+10,5.2e+10,5.3e+10,5.7e+10,6.7e+10,6.9e+10,7.3e+10,7.9e+10,8.6e+10,9.5e+10,9.4e+10,8.9e+10,9.4e+10,9.9e+10,1.0e+11,1.1e+11,1.1e+11,1.1e+11,1.1e+11,1.0e+11,1.0e+11,1.0e+11,1.2e+11,1.2e+11,1.4e+11,1.5e+11,1.6e+11,1.7e+11,1.7e+11,1.8e+11,1.9e+11,2.0e+11,2.0e+11,2.2e+11,2.4e+11,2.5e+11,2.6e+11,2.6e+11,2.6e+11,2.7e+11,2.7e+11,2.9e+11,3.0e+11,3.1e+11,3.2e+11,3.1e+11,3.2e+11,3.1e+11,3.1e+11,3.0e+11,3.0e+11,3.1e+11,3.2e+11,3.3e+11,3.4e+11,3.5e+11
qa,,,,,,,,,,,,,,,,,,,,,1.0e+10,1.1e+10,1.3e+10,1.4e+10,1.5e+10,1.6e+10,1.7e+10,1.6e+10,1.8e+10,1.8e+10,1.8e+10,1.9e+10,1.5e+10,1.3e+10,1.3e+10,1.2e+10,9.7e+9,1.1e+10,1.1e+10,1.2e+10,1.3e+10,1.2e+10,1.3e+10,1.2e+10,1.2e+10,1.3e+10,1.4e+10,1.7e+10,1.6e+10,2.1e+10,3.2e+10,3.4e+10,3.6e+10,5.5e+10,6.9e+10,9.2e+10,1.3e+11,1.6e+11,2.0e+11,1.8e+11,2.4e+11,3.4e+11,3.6e+11,3.7e+11,3.3e+11,2.6e+11,2.6e+11,2.9e+11,3.1e+11,2.9e+11
ro,,,,,,,,,,,2.9e+10,3.2e+10,3.5e+10,3.7e+10,4.0e+10,4.4e+10,4.6e+10,5.1e+10,5.5e+10,5.8e+10,6.2e+10,7.1e+10,7.8e+10,8.6e+10,9.6e+10,1.0e+11,1.2e+11,1.3e+11,1.4e+11,1.5e+11,1.5e+11,1.5e+11,1.6e+11,1.7e+11,1.8e+11,1.8e+11,1.9e+11,1.9e+11,2.0e+11,1.9e+11,1.8e+11,1.7e+11,1.6e+11,1.6e+11,1.8e+11,1.9e+11,1.9e+11,1.8e+11,1.8e+11,1.8e+11,1.8e+11,1.9e+11,2.0e+11,2.1e+11,2.4e+11,2.4e+11,2.8e+11,3.2e+11,3.8e+11,3.7e+11,3.8e+11,3.8e+11,4.0e+11,4.1e+11,4.1e+11,4.4e+11,4.6e+11,5.1e+11,5.3e+11,5.6e+11
ru,,,,,,,,,,,,,,,,,,,,,,,,,,,,,,,,,,,,,,,,,2.4e+12,2.2e+12,2.4e+12,2.0e+12,1.7e+12,1.6e+12,1.5e+12,1.5e+12,1.4e+12,1.5e+12,1.7e+12,1.6e+12,1.6e+12,1.8e+12,2.0e+12,2.2e+12,2.6e+12,3.0e+12,3.3e+12,3.0e+12,3.4e+12,3.9e+12,4.2e+12,4.1e+12,4.0e+12,3.8e+12,3.7e+12,3.9e+12,4.2e+12,4.2e+12
rw,,,,,,,,,,,3.1e+9,3.0e+9,3.3e+9,2.9e+9,2.6e+9,2.7e+9,2.9e+9,3.2e+9,3.4e+9,3.7e+9,4.0e+9,4.0e+9,4.2e+9,4.4e+9,4.4e+9,4.5e+9,5.3e+9,5.6e+9,5.6e+9,6.4e+9,6.3e+9,7.2e+9,7.1e+9,7.5e+9,7.3e+9,7.7e+9,8.1e+9,7.7e+9,7.8e+9,8.4e+9,8.1e+9,7.1e+9,7.5e+9,6.8e+9,3.1e+9,3.8e+9,4.6e+9,5.7e+9,6.4e+9,6.8e+9,7.5e+9,8.1e+9,9.1e+9,9.2e+9,1.0e+10,1.1e+10,1.2e+10,1.3e+10,1.3e+10,1.4e+10,1.5e+10,1.7e+10,1.8e+10,1.8e+10,2.0e+10,2.1e+10,2.2e+10,2.3e+10,2.5e+10,2.7e+10
kn,,,,,,,,,,,,,,,,,,,,,1.4e+8,1.6e+8,1.7e+8,1.5e+8,2.0e+8,2.1e+8,2.2e+8,2.2e+8,2.4e+8,2.7e+8,2.9e+8,3.0e+8,2.9e+8,3.0e+8,3.2e+8,3.4e+8,3.6e+8,3.9e+8,3.9e+8,4.2e+8,4.4e+8,4.6e+8,4.7e+8,4.9e+8,5.4e+8,5.5e+8,6.0e+8,6.1e+8,6.3e+8,7.0e+8,7.1e+8,6.7e+8,7.4e+8,7.2e+8,7.8e+8,9.2e+8,9.5e+8,9.8e+8,1.1e+9,1.1e+9,1.1e+9,1.2e+9,1.2e+9,1.2e+9,1.3e+9,1.3e+9,1.3e+9,1.3e+9,1.4e+9,1.5e+9
lc,,,,,,,,,,,,,,,,,,,,,3.9e+8,4.1e+8,4.2e+8,4.3e+8,4.6e+8,4.5e+8,5.9e+8,6.6e+8,7.5e+8,7.8e+8,7.7e+8,7.4e+8,7.7e+8,8.2e+8,8.7e+8,9.5e+8,1.1e+9,1.1e+9,1.2e+9,1.2e+9,1.3e+9,1.3e+9,1.4e+9,1.4e+9,1.3e+9,1.4e+9,1.5e+9,1.5e+9,1.6e+9,1.6e+9,1.5e+9,1.4e+9,1.5e+9,1.8e+9,1.9e+9,1.9e+9,1.8e+9,2.0e+9,2.1e+9,2.2e+9,2.3e+9,2.4e+9,2.4e+9,2.4e+9,2.5e+9,2.5e+9,2.6e+9,2.7e+9,2.7e+9,2.8e+9
vc,,,,,,,,,,,,,,,,,,,,,3.0e+8,3.1e+8,3.8e+8,3.5e+8,3.2e+8,2.6e+8,3.7e+8,3.3e+8,3.9e+8,3.9e+8,3.9e+8,4.3e+8,4.5e+8,4.8e+8,5.1e+8,5.3e+8,5.6e+8,5.7e+8,6.7e+8,6.6e+8,6.5e+8,7.1e+8,8.2e+8,7.9e+8,7.6e+8,8.1e+8,8.2e+8,8.2e+8,7.8e+8,8.2e+8,8.6e+8,8.6e+8,9.1e+8,9.6e+8,1.0e+9,1.0e+9,1.1e+9,1.2e+9,1.2e+9,1.2e+9,1.2e+9,1.2e+9,1.2e+9,1.2e+9,1.2e+9,1.3e+9,1.3e+9,1.3e+9,1.3e+9,1.3e+9
st,,,,,,,,,,,,,,,,,,,,,1.5e+8,1.6e+8,1.7e+8,1.7e+8,1.8e+8,1.9e+8,2.0e+8,2.4e+8,2.6e+8,3.0e+8,2.5e+8,2.2e+8,2.3e+8,2.2e+8,2.2e+8,2.2e+8,2.1e+8,2.0e+8,2.0e+8,2.2e+8,2.2e+8,2.2e+8,2.1e+8,2.2e+8,2.1e+8,2.1e+8,2.2e+8,2.2e+8,2.4e+8,2.4e+8,2.5e+8,3.1e+8,3.2e+8,3.4e+8,3.6e+8,3.8e+8,3.9e+8,4.0e+8,4.3e+8,4.5e+8,4.8e+8,6.6e+8,6.0e+8,6.8e+8,7.7e+8,7.8e+8,7.8e+8,7.9e+8,7.7e+8,7.8e+8
sa,,,,,,,,,,,,,,,,,,,,,1.2e+11,1.5e+11,1.7e+11,2.0e+11,3.2e+11,2.7e+11,3.3e+11,3.3e+11,3.3e+11,3.4e+11,3.7e+11,3.8e+11,3.3e+11,3.1e+11,3.0e+11,2.6e+11,2.6e+11,2.5e+11,2.8e+11,2.8e+11,3.0e+11,3.3e+11,3.5e+11,3.6e+11,3.5e+11,3.5e+11,3.6e+11,3.7e+11,3.4e+11,3.8e+11,4.5e+11,4.3e+11,4.8e+11,5.2e+11,6.2e+11,7.5e+11,8.9e+11,1.0e+12,1.3e+12,1.1e+12,1.4e+12,1.9e+12,2.0e+12,1.9e+12,1.9e+12,1.7e+12,1.6e+12,1.6e+12,1.8e+12,1.8e+12
sn,,,,,,,,,,,9.7e+9,9.9e+9,9.9e+9,1.0e+10,1.0e+10,1.0e+10,1.1e+10,1.1e+10,1.0e+10,9.2e+9,1.0e+10,1.0e+10,1.1e+10,1.0e+10,1.1e+10,1.2e+10,1.2e+10,1.2e+10,1.2e+10,1.3e+10,1.2e+10,1.3e+10,1.5e+10,1.6e+10,1.7e+10,1.8e+10,2.0e+10,2.0e+10,2.1e+10,2.0e+10,2.1e+10,2.1e+10,2.1e+10,2.0e+10,2.1e+10,2.1e+10,2.2e+10,2.3e+10,2.4e+10,2.6e+10,2.5e+10,2.7e+10,2.6e+10,2.8e+10,2.9e+10,3.0e+10,3.1e+10,3.3e+10,3.3e+10,3.6e+10,3.8e+10,3.9e+10,4.0e+10,3.9e+10,4.1e+10,4.3e+10,4.5e+10,4.7e+10,5.0e+10,5.2e+10
rs,,,,,,,,,,,1.0e+10,1.1e+10,1.4e+10,1.1e+10,1.6e+10,1.6e+10,1.4e+10,1.6e+10,1.7e+10,2.1e+10,2.3e+10,2.5e+10,3.1e+10,2.8e+10,3.6e+10,4.2e+10,3.7e+10,3.2e+10,3.0e+10,2.8e+10,2.8e+10,2.7e+10,2.6e+10,2.4e+10,2.2e+10,2.2e+10,2.0e+10,1.8e+10,1.9e+10,1.8e+10,1.1e+11,1.0e+11,7.2e+10,5.0e+10,5.1e+10,5.4e+10,5.4e+10,5.8e+10,6.2e+10,5.7e+10,6.0e+10,5.7e+10,6.2e+10,6.7e+10,7.0e+10,7.5e+10,8.8e+10,9.4e+10,1.0e+11,1.0e+11,1.0e+11,1.1e+11,1.1e+11,1.1e+11,1.1e+11,1.1e+11,1.1e+11,1.1e+11,1.2e+11,1.2e+11
sc,,,,,,,,,,,2.6e+8,2.6e+8,2.7e+8,3.0e+8,3.3e+8,3.1e+8,2.9e+8,3.1e+8,3.7e+8,3.2e+8,4.1e+8,4.8e+8,5.1e+8,5.5e+8,5.6e+8,5.8e+8,6.5e+8,7.5e+8,8.1e+8,9.2e+8,7.9e+8,7.5e+8,6.7e+8,7.4e+8,8.1e+8,8.5e+8,8.3e+8,9.8e+8,1.0e+9,1.1e+9,1.2e+9,1.2e+9,1.3e+9,1.5e+9,1.6e+9,1.5e+9,1.6e+9,1.8e+9,1.8e+9,1.8e+9,1.9e+9,1.7e+9,1.9e+9,1.8e+9,1.5e+9,1.7e+9,1.9e+9,2.1e+9,1.8e+9,1.7e+9,1.9e+9,2.1e+9,2.2e+9,2.2e+9,2.3e+9,2.4e+9,2.6e+9,2.7e+9,2.8e+9,3.0e+9
sl,,,,,,,,,,,,2.3e+9,2.4e+9,2.5e+9,3.0e+9,3.0e+9,3.0e+9,2.7e+9,2.9e+9,3.1e+9,3.8e+9,3.8e+9,4.0e+9,4.1e+9,4.2e+9,4.2e+9,4.1e+9,4.2e+9,4.3e+9,4.4e+9,4.3e+9,4.5e+9,4.8e+9,4.7e+9,4.9e+9,5.0e+9,5.1e+9,5.5e+9,5.7e+9,6.0e+9,6.6e+9,6.9e+9,6.5e+9,7.2e+9,8.0e+9,7.5e+9,6.3e+9,5.7e+9,5.0e+9,3.7e+9,4.3e+9,4.9e+9,5.7e+9,5.8e+9,5.9e+9,5.8e+9,6.1e+9,6.5e+9,6.9e+9,7.3e+9,7.6e+9,8.0e+9,1.0e+10,1.3e+10,1.3e+10,1.2e+10,1.2e+10,1.2e+10,1.4e+10,1.4e+10
sg,,,,,,,,,,,4.5e+9,4.9e+9,5.3e+9,5.9e+9,5.7e+9,6.3e+9,7.1e+9,8.0e+9,9.2e+9,1.1e+10,1.2e+10,1.4e+10,1.6e+10,1.7e+10,1.8e+10,1.9e+10,2.1e+10,2.2e+10,2.5e+10,2.7e+10,3.1e+10,3.4e+10,3.8e+10,4.2e+10,4.5e+10,4.4e+10,4.4e+10,4.8e+10,5.3e+10,5.8e+10,6.5e+10,7.1e+10,7.6e+10,8.4e+10,9.4e+10,1.0e+11,1.1e+11,1.3e+11,1.3e+11,1.4e+11,1.7e+11,1.7e+11,1.8e+11,2.0e+11,2.4e+11,2.7e+11,3.0e+11,3.3e+11,3.3e+11,3.4e+11,4.0e+11,4.3e+11,4.4e+11,4.4e+11,4.4e+11,4.5e+11,4.6e+11,4.9e+11,5.1e+11,5.1e+11
sx,,,,,,,,,,,,,,,,,,,,,,,,,,,,,,,,,,,,,,,,,,,,,,,,,,,,,,,,1.2e+9,1.2e+9,1.3e+9,1.3e+9,1.3e+9,1.3e+9,1.3e+9,1.3e+9,1.3e+9,1.3e+9,1.3e+9,1.3e+9,1.3e+9,1.5e+9,1.5e+9
sk,,,,,,,,,,,,,,,,,,,,,,,,,,,,,,,,,,,,,,,,,1.0e+11,8.0e+10,7.4e+10,7.5e+10,7.9e+10,8.3e+10,8.4e+10,8.7e+10,8.7e+10,8.4e+10,8.8e+10,9.1e+10,9.4e+10,9.9e+10,1.0e+11,1.1e+11,1.2e+11,1.3e+11,1.5e+11,1.4e+11,1.5e+11,1.6e+11,1.6e+11,1.6e+11,1.6e+11,1.7e+11,1.6e+11,1.7e+11,1.7e+11,1.8e+11
si,,,,,,,,,,,,,,,,,,,,,,,,,,,,,,,,,,,,,,,,,4.3e+10,3.7e+10,3.5e+10,3.8e+10,4.0e+10,4.3e+10,4.4e+10,4.5e+10,4.6e+10,4.7e+10,4.9e+10,5.0e+10,5.1e+10,5.2e+10,5.5e+10,5.7e+10,6.1e+10,6.5e+10,6.8e+10,6.3e+10,6.4e+10,6.6e+10,6.5e+10,6.6e+10,6.6e+10,6.9e+10,7.2e+10,7.6e+10,8.0e+10,8.3e+10
za,7.8e+10,7.9e+10,7.4e+10,8.2e+10,8.9e+10,9.3e+10,9.8e+10,1.0e+11,1.0e+11,1.1e+11,1.1e+11,1.1e+11,1.2e+11,1.3e+11,1.4e+11,1.4e+11,1.5e+11,1.6e+11,1.7e+11,1.8e+11,1.9e+11,1.9e+11,2.0e+11,2.3e+11,2.5e+11,2.4e+11,2.4e+11,2.4e+11,2.5e+11,2.7e+11,3.1e+11,3.0e+11,3.1e+11,3.1e+11,3.2e+11,3.2e+11,3.2e+11,3.3e+11,3.4e+11,3.4e+11,3.4e+11,3.4e+11,3.4e+11,3.5e+11,3.6e+11,3.8e+11,4.0e+11,4.0e+11,4.1e+11,4.2e+11,4.4e+11,4.6e+11,4.7e+11,4.9e+11,5.1e+11,5.4e+11,5.9e+11,6.2e+11,6.3e+11,6.3e+11,6.6e+11,6.9e+11,7.0e+11,7.0e+11,7.1e+11,7.2e+11,7.2e+11,7.4e+11,7.4e+11,7.5e+11
kr,,,,2.4e+10,2.4e+10,2.6e+10,2.6e+10,2.9e+10,3.0e+10,3.0e+10,3.0e+10,3.2e+10,3.2e+10,3.7e+10,4.0e+10,4.2e+10,4.7e+10,5.0e+10,5.6e+10,6.4e+10,7.0e+10,8.2e+10,9.3e+10,1.1e+11,1.3e+11,1.5e+11,1.7e+11,1.9e+11,2.0e+11,2.1e+11,1.9e+11,2.0e+11,2.2e+11,2.5e+11,2.8e+11,3.0e+11,3.5e+11,4.0e+11,4.6e+11,5.0e+11,5.7e+11,6.4e+11,7.0e+11,7.7e+11,8.8e+11,9.9e+11,1.1e+12,1.1e+12,1.0e+12,1.1e+12,1.2e+12,1.2e+12,1.3e+12,1.4e+12,1.4e+12,1.5e+12,1.6e+12,1.7e+12,1.7e+12,1.7e+12,1.8e+12,1.8e+12,1.8e+12,1.7e+12,1.8e+12,1.9e+12,2.0e+12,2.1e+12,2.1e+12,2.1e+12
es,1.1e+11,1.3e+11,1.3e+11,1.3e+11,1.4e+11,1.5e+11,1.6e+11,1.7e+11,1.8e+11,1.7e+11,1.9e+11,2.1e+11,2.3e+11,2.6e+11,2.7e+11,2.9e+11,3.1e+11,3.3e+11,3.5e+11,3.8e+11,4.0e+11,4.2e+11,4.6e+11,4.9e+11,5.0e+11,5.1e+11,5.4e+11,5.6e+11,5.8e+11,5.9e+11,6.0e+11,5.7e+11,5.5e+11,5.3e+11,5.3e+11,5.3e+11,5.6e+11,6.1e+11,6.5e+11,7.0e+11,7.4e+11,7.8e+11,8.0e+11,8.0e+11,8.4e+11,8.9e+11,9.2e+11,9.9e+11,1.1e+12,1.1e+12,1.2e+12,1.2e+12,1.3e+12,1.3e+12,1.4e+12,1.4e+12,1.6e+12,1.7e+12,1.7e+12,1.7e+12,1.7e+12,1.6e+12,1.6e+12,1.6e+12,1.6e+12,1.7e+12,1.8e+12,1.9e+12,1.9e+12,1.9e+12
lk,2.3e+10,2.5e+10,2.2e+10,2.3e+10,2.6e+10,2.8e+10,2.5e+10,2.5e+10,2.7e+10,2.8e+10,3.0e+10,2.9e+10,3.2e+10,3.0e+10,3.2e+10,3.2e+10,3.3e+10,3.4e+10,3.7e+10,3.9e+10,4.1e+10,4.1e+10,4.2e+10,4.5e+10,4.6e+10,4.4e+10,4.3e+10,4.3e+10,4.2e+10,3.5e+10,3.3e+10,3.7e+10,3.7e+10,3.9e+10,4.1e+10,4.5e+10,4.7e+10,4.9e+10,5.1e+10,5.3e+10,5.5e+10,5.6e+10,6.1e+10,6.7e+10,7.1e+10,7.5e+10,8.1e+10,8.5e+10,9.2e+10,8.9e+10,9.0e+10,9.1e+10,9.6e+10,1.0e+11,1.1e+11,1.1e+11,1.2e+11,1.3e+11,1.4e+11,1.7e+11,1.8e+11,2.0e+11,2.2e+11,2.3e+11,2.3e+11,2.4e+11,2.5e+11,2.6e+11,2.6e+11,2.7e+11
sd,,,,,,,,,,,,,,,,,,,,,1.7e+10,1.8e+10,1.8e+10,1.7e+10,2.1e+10,2.5e+10,2.8e+10,3.2e+10,3.1e+10,2.9e+10,3.0e+10,3.3e+10,3.5e+10,3.1e+10,3.2e+10,3.3e+10,3.7e+10,3.8e+10,3.9e+10,3.8e+10,4.0e+10,4.3e+10,4.4e+10,4.2e+10,4.4e+10,4.4e+10,4.4e+10,4.8e+10,5.1e+10,5.7e+10,5.8e+10,6.0e+10,6.4e+10,6.5e+10,6.9e+10,8.5e+10,1.0e+11,1.0e+11,1.0e+11,1.2e+11,1.4e+11,1.6e+11,1.3e+11,1.4e+11,1.6e+11,1.6e+11,1.6e+11,1.7e+11,1.7e+11,1.7e+11
sr,,,,,,,,,,,,,,,,,,,,,1.8e+9,2.0e+9,2.0e+9,2.1e+9,1.9e+9,2.1e+9,2.2e+9,2.5e+9,2.6e+9,2.6e+9,2.3e+9,2.5e+9,2.4e+9,2.4e+9,2.4e+9,2.6e+9,2.5e+9,2.3e+9,2.6e+9,2.8e+9,2.8e+9,2.9e+9,3.0e+9,2.8e+9,2.8e+9,2.6e+9,3.2e+9,3.4e+9,3.7e+9,3.1e+9,3.6e+9,3.8e+9,4.0e+9,4.5e+9,4.9e+9,5.1e+9,5.6e+9,6.0e+9,6.5e+9,6.9e+9,7.6e+9,8.3e+9,8.9e+9,9.3e+9,9.4e+9,8.9e+9,7.9e+9,8.6e+9,8.8e+9,8.9e+9
se,7.6e+10,8.1e+10,8.1e+10,8.4e+10,8.8e+10,9.2e+10,9.5e+10,9.7e+10,9.9e+10,1.1e+11,1.1e+11,1.2e+11,1.2e+11,1.3e+11,1.3e+11,1.4e+11,1.4e+11,1.5e+11,1.5e+11,1.6e+11,1.7e+11,1.7e+11,1.8e+11,1.8e+11,1.9e+11,1.9e+11,2.0e+11,1.9e+11,1.9e+11,2.0e+11,2.0e+11,2.0e+11,2.0e+11,2.0e+11,2.1e+11,2.2e+11,2.3e+11,2.4e+11,2.4e+11,2.5e+11,2.6e+11,2.6e+11,2.6e+11,2.5e+11,2.6e+11,2.8e+11,2.9e+11,3.0e+11,3.2e+11,3.4e+11,3.5e+11,3.5e+11,3.5e+11,3.5e+11,3.6e+11,3.6e+11,3.9e+11,4.3e+11,4.4e+11,4.2e+11,4.4e+11,4.7e+11,4.7e+11,4.7e+11,4.8e+11,5.1e+11,5.2e+11,5.4e+11,5.5e+11,5.6e+11
ch,7.3e+10,7.8e+10,7.9e+10,8.3e+10,8.8e+10,9.4e+10,1.0e+11,1.0e+11,1.0e+11,1.1e+11,1.2e+11,1.3e+11,1.4e+11,1.4e+11,1.5e+11,1.6e+11,1.6e+11,1.7e+11,1.7e+11,1.8e+11,1.9e+11,2.0e+11,2.1e+11,2.2e+11,2.2e+11,2.0e+11,2.0e+11,2.0e+11,2.1e+11,2.1e+11,2.2e+11,2.2e+11,2.2e+11,2.2e+11,2.3e+11,2.3e+11,2.5e+11,2.5e+11,2.6e+11,2.7e+11,2.8e+11,2.8e+11,2.8e+11,2.8e+11,2.9e+11,2.9e+11,3.0e+11,3.2e+11,3.3e+11,3.4e+11,3.5e+11,3.5e+11,3.4e+11,3.4e+11,3.5e+11,3.7e+11,4.0e+11,4.4e+11,4.6e+11,4.6e+11,4.7e+11,5.1e+11,5.2e+11,5.2e+11,5.4e+11,5.6e+11,5.7e+11,5.9e+11,6.1e+11,6.2e+11
tw,,1.3e+10,1.5e+10,1.6e+10,1.8e+10,1.9e+10,2.0e+10,2.2e+10,2.3e+10,2.5e+10,2.7e+10,3.0e+10,3.2e+10,3.7e+10,4.2e+10,4.6e+10,5.0e+10,5.7e+10,6.3e+10,7.0e+10,8.0e+10,9.2e+10,1.1e+11,1.2e+11,1.2e+11,1.2e+11,1.4e+11,1.6e+11,1.8e+11,1.9e+11,2.0e+11,2.2e+11,2.3e+11,2.5e+11,2.7e+11,2.8e+11,3.2e+11,3.5e+11,3.7e+11,4.1e+11,4.3e+11,4.7e+11,5.0e+11,5.3e+11,5.7e+11,6.0e+11,6.4e+11,6.9e+11,7.3e+11,7.6e+11,7.9e+11,7.8e+11,8.1e+11,8.3e+11,8.6e+11,8.9e+11,9.2e+11,9.6e+11,9.2e+11,9.3e+11,1.0e+12,1.0e+12,1.1e+12,1.1e+12,1.1e+12,1.1e+12,1.1e+12,1.1e+12,1.1e+12,1.2e+12
tj,,,,,,,,,,,,,,,,,,,,,,,,,,,,,,,,,,,,,,,,,3.7e+10,3.6e+10,1.9e+10,1.8e+10,1.3e+10,1.3e+10,9.6e+9,1.1e+10,9.1e+9,7.9e+9,8.1e+9,8.7e+9,9.8e+9,1.1e+10,1.2e+10,1.3e+10,1.4e+10,1.5e+10,1.5e+10,1.6e+10,1.9e+10,2.0e+10,2.4e+10,2.3e+10,2.8e+10,2.4e+10,2.5e+10,3.0e+10,2.9e+10,3.1e+10
tz,,,,,,,,,,,1.2e+10,1.2e+10,1.3e+10,1.5e+10,1.7e+10,1.7e+10,1.8e+10,1.9e+10,2.0e+10,2.1e+10,2.3e+10,2.4e+10,2.5e+10,2.7e+10,2.8e+10,3.0e+10,3.3e+10,3.2e+10,3.3e+10,3.4e+10,3.2e+10,2.9e+10,2.9e+10,3.0e+10,3.2e+10,3.6e+10,2.5e+10,2.0e+10,2.6e+10,2.5e+10,2.6e+10,2.6e+10,2.5e+10,2.4e+10,2.4e+10,2.5e+10,2.7e+10,3.0e+10,3.3e+10,3.5e+10,3.7e+10,4.0e+10,4.5e+10,4.8e+10,5.1e+10,5.6e+10,6.1e+10,6.7e+10,7.4e+10,8.2e+10,9.3e+10,1.1e+11,1.0e+11,1.1e+11,1.1e+11,1.2e+11,1.2e+11,1.2e+11,1.3e+11,1.3e+11
th,2.3e+10,2.3e+10,2.3e+10,2.1e+10,2.3e+10,2.2e+10,2.3e+10,2.6e+10,2.7e+10,3.0e+10,3.3e+10,3.6e+10,3.7e+10,3.9e+10,4.3e+10,4.8e+10,5.4e+10,5.7e+10,6.0e+10,6.6e+10,9.0e+10,9.3e+10,9.9e+10,1.1e+11,1.1e+11,1.2e+11,1.3e+11,1.4e+11,1.5e+11,1.6e+11,1.7e+11,1.7e+11,1.8e+11,1.9e+11,2.0e+11,2.1e+11,2.2e+11,2.4e+11,2.6e+11,2.8e+11,3.1e+11,3.3e+11,3.8e+11,4.1e+11,4.6e+11,5.1e+11,5.7e+11,5.3e+11,4.8e+11,4.9e+11,5.0e+11,5.1e+11,5.5e+11,6.0e+11,6.4e+11,6.7e+11,7.3e+11,8.0e+11,8.2e+11,8.6e+11,9.6e+11,9.9e+11,1.1e+12,1.1e+12,1.1e+12,1.1e+12,1.1e+12,1.2e+12,1.2e+12,1.2e+12
tg,,,,,,,,,,,1.8e+9,2.0e+9,2.0e+9,2.1e+9,2.5e+9,2.8e+9,3.1e+9,3.3e+9,3.4e+9,3.8e+9,3.9e+9,4.1e+9,4.1e+9,4.1e+9,5.3e+9,4.4e+9,4.4e+9,5.3e+9,5.8e+9,5.9e+9,5.7e+9,5.1e+9,5.1e+9,4.8e+9,4.9e+9,5.0e+9,5.2e+9,5.2e+9,5.9e+9,5.9e+9,6.6e+9,6.3e+9,6.2e+9,5.2e+9,5.9e+9,5.9e+9,6.9e+9,7.5e+9,6.6e+9,7.2e+9,6.9e+9,7.0e+9,7.3e+9,7.7e+9,7.5e+9,7.1e+9,7.1e+9,7.1e+9,7.3e+9,7.7e+9,8.1e+9,8.9e+9,9.8e+9,1.1e+10,1.2e+10,1.3e+10,1.5e+10,1.5e+10,1.6e+10,1.8e+10
tt,2.8e+9,3.1e+9,3.2e+9,3.6e+9,3.8e+9,4.2e+9,4.8e+9,5.5e+9,5.9e+9,6.3e+9,6.6e+9,7.7e+9,7.6e+9,8.7e+9,9.0e+9,8.2e+9,9.6e+9,1.0e+10,1.1e+10,1.1e+10,1.1e+10,1.0e+10,1.1e+10,1.3e+10,1.7e+10,1.8e+10,2.0e+10,2.1e+10,2.1e+10,2.4e+10,2.7e+10,2.7e+10,2.5e+10,2.2e+10,2.1e+10,2.1e+10,1.8e+10,1.6e+10,1.5e+10,1.4e+10,1.5e+10,1.4e+10,1.3e+10,1.3e+10,1.3e+10,1.3e+10,1.3e+10,1.3e+10,1.3e+10,1.5e+10,1.8e+10,1.7e+10,1.8e+10,2.3e+10,2.7e+10,2.9e+10,3.5e+10,3.8e+10,4.4e+10,3.5e+10,4.0e+10,4.6e+10,4.4e+10,4.3e+10,4.2e+10,3.8e+10,3.6e+10,3.5e+10,3.8e+10,3.7e+10
tn,,,,,,,,,,,7.1e+9,7.8e+9,7.9e+9,8.6e+9,8.7e+9,9.0e+9,9.4e+9,9.5e+9,1.0e+10,1.1e+10,1.4e+10,1.5e+10,1.8e+10,1.8e+10,2.0e+10,2.1e+10,2.2e+10,2.3e+10,2.5e+10,2.7e+10,3.0e+10,3.2e+10,3.3e+10,3.5e+10,3.6e+10,3.9e+10,3.9e+10,4.1e+10,4.3e+10,4.5e+10,4.8e+10,5.1e+10,5.7e+10,6.0e+10,6.7e+10,7.2e+10,8.4e+10,8.4e+10,8.4e+10,8.4e+10,8.5e+10,8.7e+10,8.7e+10,8.9e+10,9.1e+10,9.5e+10,9.9e+10,1.1e+11,1.1e+11,1.2e+11,1.2e+11,1.2e+11,1.2e+11,1.2e+11,1.2e+11,1.2e+11,1.2e+11,1.2e+11,1.2e+11,1.3e+11
tr,6.9e+10,8.4e+10,9.2e+10,1.0e+11,9.6e+10,1.0e+11,1.1e+11,1.3e+11,1.5e+11,1.4e+11,1.4e+11,1.4e+11,1.5e+11,1.6e+11,1.7e+11,1.8e+11,2.0e+11,2.1e+11,2.2e+11,2.3e+11,2.5e+11,2.6e+11,2.8e+11,2.9e+11,3.2e+11,3.5e+11,3.9e+11,3.8e+11,3.7e+11,3.7e+11,3.6e+11,4.0e+11,4.0e+11,4.2e+11,4.4e+11,4.7e+11,5.0e+11,5.6e+11,5.6e+11,5.6e+11,6.1e+11,5.8e+11,6.1e+11,6.7e+11,6.2e+11,6.8e+11,7.4e+11,7.8e+11,7.8e+11,7.5e+11,8.0e+11,7.9e+11,7.8e+11,7.7e+11,8.7e+11,9.5e+11,1.1e+12,1.2e+12,1.3e+12,1.2e+12,1.4e+12,1.5e+12,1.6e+12,1.8e+12,1.8e+12,2.0e+12,2.0e+12,2.1e+12,2.2e+12,2.2e+12
tm,,,,,,,,,,,,,,,,,,,,,,,,,,,,,,,,,,,,,,,,,4.3e+10,4.0e+10,3.5e+10,3.9e+10,2.8e+10,2.6e+10,2.7e+10,2.6e+10,2.9e+10,3.2e+10,4.0e+10,3.7e+10,3.9e+10,3.9e+10,4.1e+10,5.1e+10,5.7e+10,6.0e+10,6.0e+10,7.4e+10,8.2e+10,9.2e+10,9.9e+10,1.1e+11,1.2e+11,1.3e+11,1.4e+11,1.5e+11,1.6e+11,1.6e+11
tc,,,,,,,,,,,,,,,,,,,,,2.0e+7,2.3e+7,2.5e+7,2.8e+7,3.1e+7,3.4e+7,3.7e+7,4.1e+7,4.6e+7,5.1e+7,5.6e+7,6.2e+7,6.8e+7,7.6e+7,8.4e+7,9.3e+7,1.0e+8,1.1e+8,1.3e+8,1.4e+8,1.5e+8,1.7e+8,1.9e+8,2.1e+8,2.4e+8,2.6e+8,2.8e+8,3.0e+8,3.3e+8,3.5e+8,3.7e+8,4.0e+8,4.6e+8,5.0e+8,5.6e+8,6.5e+8,7.6e+8,8.0e+8,8.7e+8,7.0e+8,7.1e+8,7.5e+8,7.3e+8,7.5e+8,8.3e+8,9.2e+8,1.0e+9,1.0e+9,1.1e+9,1.1e+9
ug,5.0e+9,6.3e+9,5.9e+9,4.7e+9,5.2e+9,5.2e+9,5.3e+9,6.2e+9,6.0e+9,6.3e+9,6.2e+9,6.3e+9,6.4e+9,6.7e+9,7.7e+9,7.6e+9,8.2e+9,8.0e+9,8.4e+9,9.0e+9,1.1e+10,1.0e+10,1.2e+10,1.2e+10,1.1e+10,1.2e+10,1.3e+10,1.3e+10,1.2e+10,1.1e+10,1.0e+10,1.0e+10,1.2e+10,1.3e+10,1.3e+10,1.3e+10,1.3e+10,1.4e+10,1.4e+10,1.5e+10,1.5e+10,1.5e+10,1.6e+10,1.7e+10,2.3e+10,2.3e+10,2.3e+10,2.4e+10,2.6e+10,2.8e+10,2.9e+10,3.1e+10,3.3e+10,3.4e+10,3.6e+10,4.0e+10,4.3e+10,4.6e+10,4.9e+10,5.5e+10,6.0e+10,6.4e+10,6.3e+10,6.5e+10,6.9e+10,7.3e+10,7.3e+10,7.8e+10,8.3e+10,8.9e+10
ua,,,,,,,,,,,,,,,,,,,,,,,,,,,,,,,,,,,,,,,,,6.1e+11,5.7e+11,5.2e+11,4.2e+11,3.5e+11,3.1e+11,2.8e+11,2.5e+11,2.4e+11,2.4e+11,2.4e+11,2.5e+11,2.7e+11,2.9e+11,3.4e+11,3.7e+11,4.0e+11,4.6e+11,4.9e+11,4.2e+11,4.3e+11,4.7e+11,5.0e+11,5.3e+11,5.2e+11,4.7e+11,4.8e+11,5.2e+11,5.4e+11,5.6e+11
ae,,,,,,,,,,,,,,,,,,,,,6.6e+10,7.8e+10,8.6e+10,9.9e+10,1.2e+11,1.3e+11,1.5e+11,1.9e+11,1.7e+11,2.0e+11,2.5e+11,2.5e+11,2.3e+11,2.1e+11,2.2e+11,2.1e+11,1.7e+11,1.7e+11,1.7e+11,1.9e+11,2.3e+11,2.3e+11,2.4e+11,2.0e+11,2.1e+11,2.3e+11,2.4e+11,2.7e+11,2.5e+11,2.7e+11,3.4e+11,3.5e+11,3.6e+11,3.9e+11,4.2e+11,4.8e+11,5.6e+11,6.0e+11,6.5e+11,5.5e+11,5.7e+11,6.6e+11,6.7e+11,6.6e+11,6.9e+11,6.3e+11,6.2e+11,6.5e+11,6.4e+11,6.8e+11
gb,5.0e+11,5.1e+11,5.1e+11,5.4e+11,5.6e+11,5.9e+11,6.0e+11,6.1e+11,6.2e+11,6.4e+11,6.7e+11,6.9e+11,7.0e+11,7.3e+11,7.7e+11,7.9e+11,8.1e+11,8.3e+11,8.6e+11,8.8e+11,9.1e+11,9.2e+11,9.5e+11,1.0e+12,9.4e+11,9.4e+11,9.8e+11,1.0e+12,1.1e+12,1.2e+12,1.2e+12,1.2e+12,1.2e+12,1.2e+12,1.2e+12,1.3e+12,1.3e+12,1.3e+12,1.4e+12,1.4e+12,1.4e+12,1.4e+12,1.4e+12,1.4e+12,1.5e+12,1.6e+12,1.7e+12,1.8e+12,1.9e+12,2.0e+12,2.1e+12,2.1e+12,2.2e+12,2.2e+12,2.3e+12,2.4e+12,2.5e+12,2.5e+12,2.6e+12,2.4e+12,2.5e+12,2.6e+12,2.6e+12,2.7e+12,2.8e+12,2.9e+12,3.0e+12,3.0e+12,3.1e+12,3.1e+12
us,2.4e+12,2.6e+12,2.7e+12,2.9e+12,2.8e+12,3.1e+12,3.1e+12,3.2e+12,3.2e+12,3.4e+12,3.5e+12,3.6e+12,3.8e+12,4.0e+12,4.2e+12,4.5e+12,4.8e+12,4.9e+12,5.1e+12,5.3e+12,5.3e+12,5.5e+12,5.8e+12,6.1e+12,6.0e+12,6.0e+12,6.3e+12,6.6e+12,7.0e+12,7.2e+12,7.1e+12,7.3e+12,7.1e+12,7.5e+12,8.1e+12,8.4e+12,8.7e+12,9.0e+12,9.4e+12,9.7e+12,9.8e+12,9.8e+12,1.0e+13,1.1e+13,1.1e+13,1.1e+13,1.2e+13,1.2e+13,1.3e+13,1.4e+13,1.4e+13,1.4e+13,1.5e+13,1.5e+13,1.5e+13,1.6e+13,1.6e+13,1.7e+13,1.7e+13,1.6e+13,1.7e+13,1.7e+13,1.7e+13,1.8e+13,1.8e+13,1.9e+13,1.9e+13,2.0e+13,2.0e+13,2.1e+13
uy,1.5e+10,1.8e+10,1.6e+10,1.7e+10,1.9e+10,2.0e+10,2.0e+10,2.1e+10,1.9e+10,1.8e+10,1.9e+10,2.0e+10,2.0e+10,2.0e+10,2.0e+10,2.0e+10,2.1e+10,2.0e+10,2.1e+10,2.2e+10,2.4e+10,2.4e+10,2.3e+10,2.4e+10,2.4e+10,2.4e+10,2.5e+10,2.4e+10,2.6e+10,2.8e+10,3.0e+10,3.0e+10,2.7e+10,2.5e+10,2.4e+10,2.4e+10,2.8e+10,3.0e+10,3.0e+10,3.1e+10,3.0e+10,3.2e+10,3.5e+10,3.7e+10,4.0e+10,4.0e+10,4.3e+10,4.3e+10,4.4e+10,4.2e+10,4.0e+10,3.8e+10,3.5e+10,3.4e+10,3.5e+10,3.7e+10,3.9e+10,4.4e+10,4.9e+10,5.3e+10,6.1e+10,6.7e+10,6.8e+10,7.0e+10,7.2e+10,7.2e+10,7.2e+10,7.2e+10,7.3e+10,7.3e+10
uz,,,,,,,,,,,,,,,,,,,,,,,,,,,,,,,,,,,,,,,,,1.2e+11,1.2e+11,9.8e+10,1.2e+11,1.0e+11,1.0e+11,1.1e+11,1.1e+11,1.1e+11,1.1e+11,1.1e+11,1.2e+11,1.3e+11,1.4e+11,1.5e+11,1.6e+11,1.7e+11,1.9e+11,1.8e+11,2.0e+11,2.1e+11,2.4e+11,2.6e+11,2.7e+11,2.9e+11,3.2e+11,3.3e+11,3.5e+11,3.6e+11,3.8e+11
ve,3.4e+10,3.8e+10,4.2e+10,4.5e+10,5.0e+10,5.3e+10,5.7e+10,6.5e+10,6.6e+10,6.8e+10,6.3e+10,6.4e+10,6.7e+10,7.2e+10,7.9e+10,8.1e+10,8.1e+10,8.3e+10,9.2e+10,9.6e+10,1.1e+11,1.1e+11,1.1e+11,1.2e+11,1.3e+11,1.3e+11,1.4e+11,1.5e+11,1.4e+11,1.6e+11,1.7e+11,1.8e+11,1.6e+11,1.7e+11,1.7e+11,1.7e+11,1.5e+11,1.6e+11,1.6e+11,1.7e+11,1.9e+11,1.8e+11,1.8e+11,1.8e+11,1.7e+11,1.8e+11,1.8e+11,1.8e+11,1.6e+11,1.6e+11,1.9e+11,1.9e+11,1.8e+11,1.8e+11,2.3e+11,2.9e+11,3.5e+11,4.0e+11,4.6e+11,4.0e+11,4.9e+11,5.5e+11,5.6e+11,5.4e+11,3.5e+11,1.5e+11,6.0e+10,1.1e+10,1.1e+10,7.2e+9
vn,,,,,,,,,,,,,,,,,,,,,3.7e+10,3.8e+10,3.9e+10,3.9e+10,3.9e+10,4.1e+10,4.5e+10,5.1e+10,5.2e+10,5.6e+10,5.4e+10,5.7e+10,6.1e+10,6.6e+10,7.1e+10,7.5e+10,7.8e+10,8.0e+10,8.4e+10,8.7e+10,9.3e+10,1.0e+11,1.1e+11,1.2e+11,1.2e+11,1.3e+11,1.4e+11,1.5e+11,1.6e+11,1.7e+11,1.8e+11,1.9e+11,2.0e+11,2.2e+11,2.4e+11,2.6e+11,2.8e+11,3.0e+11,3.3e+11,3.4e+11,3.9e+11,4.2e+11,4.7e+11,4.9e+11,5.2e+11,5.6e+11,6.0e+11,6.5e+11,7.1e+11,7.5e+11
ye,,,,,,,,,,,,,,,,,,,,,,,,,,,,,,,,,,,,,,,,7.5e+9,9.1e+9,8.9e+9,9.2e+9,9.5e+9,9.8e+9,1.1e+10,1.3e+10,1.5e+10,1.7e+10,1.9e+10,2.2e+10,2.5e+10,2.9e+10,3.6e+10,4.7e+10,7.1e+10,7.6e+10,7.8e+10,8.5e+10,8.6e+10,1.0e+11,9.2e+10,8.7e+10,8.9e+10,9.0e+10,6.3e+10,5.2e+10,3.9e+10,4.9e+10,5.0e+10
zm,,,,,,8.3e+9,8.8e+9,7.4e+9,6.7e+9,8.6e+9,9.1e+9,8.9e+9,8.7e+9,9.2e+9,1.1e+10,1.2e+10,1.4e+10,1.6e+10,1.7e+10,1.9e+10,1.6e+10,1.3e+10,1.4e+10,1.6e+10,1.5e+10,1.3e+10,1.4e+10,1.1e+10,1.0e+10,1.1e+10,1.0e+10,1.1e+10,1.1e+10,1.1e+10,1.3e+10,1.5e+10,1.3e+10,1.4e+10,1.4e+10,1.1e+10,1.1e+10,1.2e+10,1.0e+10,9.5e+9,9.2e+9,9.4e+9,1.0e+10,1.1e+10,1.1e+10,1.1e+10,1.4e+10,1.4e+10,1.5e+10,1.6e+10,1.8e+10,2.0e+10,2.4e+10,3.4e+10,3.5e+10,4.0e+10,4.7e+10,5.3e+10,5.1e+10,5.2e+10,5.4e+10,5.2e+10,5.5e+10,5.5e+10,5.7e+10,5.8e+10
zw,,,,,6.4e+9,6.6e+9,7.2e+9,7.9e+9,7.9e+9,9.0e+9,9.6e+9,1.0e+10,1.0e+10,1.0e+10,1.0e+10,1.1e+10,1.1e+10,1.1e+10,1.0e+10,1.3e+10,1.6e+10,1.7e+10,1.9e+10,2.0e+10,2.2e+10,2.1e+10,2.1e+10,1.9e+10,2.1e+10,2.2e+10,2.4e+10,2.9e+10,3.0e+10,3.5e+10,3.4e+10,3.7e+10,3.9e+10,3.9e+10,4.6e+10,5.2e+10,5.5e+10,6.4e+10,5.8e+10,6.0e+10,6.7e+10,6.4e+10,7.3e+10,6.3e+10,5.6e+10,5.2e+10,4.3e+10,4.4e+10,3.9e+10,2.8e+10,2.6e+10,2.2e+10,1.8e+10,1.9e+10,1.4e+10,2.5e+10,2.8e+10,2.9e+10,3.5e+10,3.7e+10,3.8e+10,4.0e+10,4.2e+10,4.5e+10,4.4e+10,4.2e+10